date,flood_km2,flood_fraction,valid_fraction,n_scenes
2024-08-21,32.762,0.0818,1.0,2
2024-08-23,2.145,0.1465,0.0366,2
2024-08-30,57.066,0.1425,1.0,2
2024-09-02,34.887,0.0871,1.0,2
2024-09-04,2.215,0.1454,0.0381,2
2024-09-11,32.757,0.0818,1.0,2
2024-09-14,25.604,0.0639,1.0,2
2024-09-16,1.883,0.1355,0.0347,2
2024-09-23,46.899,0.1171,1.0,2
2024-09-26,17.555,0.0438,1.0,2
2024-09-28,1.694,0.1017,0.0416,2
2024-10-05,47.655,0.119,1.0,2
2024-10-08,19.264,0.0481,1.0,2
2024-10-10,1.476,0.0996,0.037,2
2024-10-17,35.397,0.0884,1.0,2
2024-10-20,15.369,0.0384,1.0,2
2024-10-22,1.522,0.089,0.0427,2
2024-10-29,32.657,0.0816,1.0,2
2024-11-01,14.77,0.0369,1.0,2
2024-11-03,1.501,0.1027,0.0365,2
2024-11-10,36.001,0.0899,1.0,2
2024-11-13,17.118,0.0428,1.0,2
2024-11-15,1.742,0.1218,0.0357,2
2024-11-22,41.318,0.1032,1.0,2
2024-11-25,22.354,0.0558,1.0,2
2024-11-27,2.29,0.144,0.0397,4
2024-12-04,47.863,0.1195,1.0,2
2024-12-07,29.622,0.074,1.0,2
2024-12-09,2.64,0.1748,0.0377,2
2024-12-19,38.069,0.0951,1.0,6
2024-12-21,2.921,0.1902,0.0384,2
2024-12-28,59.507,0.1486,1.0,8
2024-12-31,42.119,0.1052,1.0,2
2025-01-02,2.857,0.1955,0.0365,2
2025-01-09,76.825,0.1919,1.0,4
2025-01-12,42.537,0.1062,1.0,2
2025-01-14,2.979,0.2005,0.0371,2
2025-01-21,81.184,0.2028,1.0,2
2025-01-24,59.11,0.1476,1.0,2
2025-01-26,2.855,0.2036,0.035,2
2025-02-02,70.687,0.1765,1.0,4
2025-02-05,56.514,0.1411,1.0,2
2025-02-07,2.605,0.1824,0.0357,2
2025-02-14,69.544,0.1737,1.0,2
2025-02-17,36.823,0.092,1.0,2
2025-02-19,2.577,0.1547,0.0416,2
2025-02-26,44.096,0.1101,1.0,2
2025-03-01,18.387,0.0459,1.0,2
2025-03-03,2.39,0.1552,0.0385,2
2025-03-10,31.389,0.0784,1.0,2
2025-03-13,15.195,0.0379,1.0,2
2025-03-22,22.876,0.0571,1.0,2
2025-03-25,7.449,0.0186,1.0,2
2025-03-27,1.311,0.0915,0.0358,2
