date,water_fraction,valid_fraction,granule_id
2024-08-21,0.01,1.0,OPERA_L3_DSWx-S1_T46QCM_20240821T120520Z_20251107T013125Z_S1A_30_v1.0
2024-08-23,0.02,1.0,OPERA_L3_DSWx-S1_T46QCM_20240823T235620Z_20251107T120653Z_S1A_30_v1.0
2024-08-30,0.01,1.0,OPERA_L3_DSWx-S1_T46QCM_20240830T234801Z_20251107T031728Z_S1A_30_v1.0
2024-09-02,0.03,1.0,OPERA_L3_DSWx-S1_T46QCM_20240902T120528Z_20251107T082657Z_S1A_30_v1.0
2024-09-04,0.01,1.0,OPERA_L3_DSWx-S1_T46QCM_20240904T235637Z_20251107T103000Z_S1A_30_v1.0
2024-09-11,0.03,1.0,OPERA_L3_DSWx-S1_T46QCM_20240911T234750Z_20240912T125328Z_S1A_30_v1.0
2024-09-14,0.02,1.0,OPERA_L3_DSWx-S1_T46QCM_20240914T120513Z_20240914T195532Z_S1A_30_v1.0
2024-09-16,0.01,1.0,OPERA_L3_DSWx-S1_T46QCM_20240916T235605Z_20240917T164335Z_S1A_30_v1.0
2024-09-16,0.01,1.0,OPERA_L3_DSWx-S1_T46QCM_20240916T235600Z_20240917T211219Z_S1A_30_v1.0
2024-09-23,0.03,1.0,OPERA_L3_DSWx-S1_T46QCM_20240923T234746Z_20240924T134721Z_S1A_30_v1.0
2024-09-26,0.0,1.0,OPERA_L3_DSWx-S1_T46QCM_20240926T120501Z_20240929T155357Z_S1A_30_v1.0
2024-09-28,0.0,1.0,OPERA_L3_DSWx-S1_T46QCM_20240928T235620Z_20240930T184533Z_S1A_30_v1.0
2024-10-05,0.02,1.0,OPERA_L3_DSWx-S1_T46QCM_20241005T234820Z_20241006T115623Z_S1A_30_v1.0
2024-10-08,0.01,1.0,OPERA_L3_DSWx-S1_T46QCM_20241008T120459Z_20241008T190755Z_S1A_30_v1.0
2024-10-10,0.03,1.0,OPERA_L3_DSWx-S1_T46QCM_20241010T235616Z_20241011T070422Z_S1A_30_v1.0
2024-10-17,0.02,1.0,OPERA_L3_DSWx-S1_T46QCM_20241017T234801Z_20241018T125318Z_S1A_30_v1.0
2024-10-17,0.02,1.0,OPERA_L3_DSWx-S1_T46QCM_20241017T234815Z_20241018T104900Z_S1A_30_v1.0
2024-10-20,0.0,1.0,OPERA_L3_DSWx-S1_T46QCM_20241020T120527Z_20241020T185722Z_S1A_30_v1.0
2024-10-22,0.01,1.0,OPERA_L3_DSWx-S1_T46QCM_20241022T235608Z_20241023T070329Z_S1A_30_v1.0
2024-10-29,0.01,1.0,OPERA_L3_DSWx-S1_T46QCM_20241029T234751Z_20241030T100128Z_S1A_30_v1.0
2024-11-01,0.01,1.0,OPERA_L3_DSWx-S1_T46QCM_20241101T120523Z_20260416T001121Z_S1A_30_v1.0
2024-11-03,0.0,1.0,OPERA_L3_DSWx-S1_T46QCM_20241103T235612Z_20241104T060842Z_S1A_30_v1.0
2024-11-10,0.01,1.0,OPERA_L3_DSWx-S1_T46QCM_20241110T234813Z_20241111T080528Z_S1A_30_v1.0
2024-11-13,0.0,1.0,OPERA_L3_DSWx-S1_T46QCM_20241113T120529Z_20241113T225419Z_S1A_30_v1.0
2024-11-15,0.0,1.0,OPERA_L3_DSWx-S1_T46QCM_20241115T235631Z_20241116T161013Z_S1A_30_v1.0
2024-11-22,0.01,1.0,OPERA_L3_DSWx-S1_T46QCM_20241122T234752Z_20241123T093754Z_S1A_30_v1.0
2024-11-25,0.02,1.0,OPERA_L3_DSWx-S1_T46QCM_20241125T120459Z_20241125T210831Z_S1A_30_v1.0
2024-11-27,0.0,1.0,OPERA_L3_DSWx-S1_T46QCM_20241127T235610Z_20241223T033541Z_S1A_30_v1.0
2024-12-04,0.02,1.0,OPERA_L3_DSWx-S1_T46QCM_20241204T234755Z_20241205T163515Z_S1A_30_v1.0
2024-12-07,0.02,1.0,OPERA_L3_DSWx-S1_T46QCM_20241207T120503Z_20241208T074453Z_S1A_30_v1.0
2024-12-09,0.0,1.0,OPERA_L3_DSWx-S1_T46QCM_20241209T235601Z_20241210T061256Z_S1A_30_v1.0
2024-12-19,0.0,1.0,OPERA_L3_DSWx-S1_T46QCM_20241219T120518Z_20241222T203439Z_S1A_30_v1.0
2024-12-19,0.0,1.0,OPERA_L3_DSWx-S1_T46QCM_20241219T120457Z_20241223T121540Z_S1A_30_v1.0
2024-12-19,0.0,1.0,OPERA_L3_DSWx-S1_T46QCM_20241219T120524Z_20241223T144517Z_S1A_30_v1.0
2024-12-21,0.0,1.0,OPERA_L3_DSWx-S1_T46QCM_20241221T235611Z_20241223T110949Z_S1A_30_v1.0
2024-12-28,0.01,1.0,OPERA_L3_DSWx-S1_T46QCM_20241228T234755Z_20250103T173440Z_S1A_30_v1.0
2024-12-28,0.01,1.0,OPERA_L3_DSWx-S1_T46QCM_20241228T234754Z_20250111T043816Z_S1A_30_v1.0
2024-12-28,0.01,1.0,OPERA_L3_DSWx-S1_T46QCM_20241228T234758Z_20250114T020130Z_S1A_30_v1.0
2024-12-28,0.01,1.0,OPERA_L3_DSWx-S1_T46QCM_20241228T234759Z_20260505T170353Z_S1A_30_v1.0
2024-12-31,0.0,1.0,OPERA_L3_DSWx-S1_T46QCM_20241231T120501Z_20241231T193803Z_S1A_30_v1.0
