date,sm_rootzone
2015-03-31,0.1839106375
2015-04-01,0.1911049875
2015-04-02,0.21810125
2015-04-03,0.223342075
2015-04-04,0.2179283875
2015-04-05,0.2169372
2015-04-06,0.2217803375
2015-04-07,0.2194512
2015-04-08,0.2141511625
2015-04-09,0.210544925
2015-04-10,0.20722135
2015-04-11,0.20425279999999998
2015-04-12,0.2026203125
2015-04-13,0.20123145
2015-04-14,0.2001542
2015-04-15,0.199522575
2015-04-16,0.1998412
2015-04-17,0.2020433
2015-04-18,0.2009366
2015-04-19,0.1986183875
2015-04-20,0.1970280625
2015-04-21,0.1950668625
2015-04-22,0.2029394875
2015-04-23,0.214766875
2015-04-24,0.22064925
2015-04-25,0.222645025
2015-04-26,0.21988295
2015-04-27,0.2159329625
2015-04-28,0.212914975
2015-04-29,0.21080705
2015-04-30,0.2139585
2015-05-01,0.223099175
2015-05-02,0.2278682125
2015-05-03,0.2250330375
2015-05-04,0.2200044625
2015-05-05,0.217035575
2015-05-06,0.2146160625
2015-05-07,0.2131325125
2015-05-08,0.2115399875
2015-05-09,0.2093242625
2015-05-10,0.2133780375
2015-05-11,0.2260342875
2015-05-12,0.2441258375
2015-05-13,0.238903075
2015-05-14,0.2316817625
2015-05-15,0.23098405
2015-05-16,0.2348837375
2015-05-17,0.23550915
2015-05-18,0.2386901125
2015-05-19,0.2324030125
2015-05-20,0.22737625
2015-05-21,0.22490415
2015-05-22,0.2230418625
2015-05-23,0.226680975
2015-05-24,0.240702175
2015-05-25,0.24238735
2015-05-26,0.236752025
2015-05-27,0.2347180875
2015-05-28,0.2357548625
2015-05-29,0.234873675
2015-05-30,0.2320656625
2015-05-31,0.2295092
2015-06-01,0.22672991250000002
2015-06-02,0.223987625
2015-06-03,0.225740925
2015-06-04,0.2248636
2015-06-05,0.223495675
2015-06-06,0.2315276875
2015-06-07,0.232972
2015-06-08,0.228599925
2015-06-09,0.2257901125
2015-06-10,0.2333842375
2015-06-11,0.2736628
2015-06-12,0.296207075
2015-06-13,0.2902527375
2015-06-14,0.28614541250000003
2015-06-15,0.2913398875
2015-06-16,0.3030984375
2015-06-17,0.309318725
2015-06-18,0.3035822875
2015-06-19,0.29973551249999997
2015-06-20,0.2961515
2015-06-21,0.29490835
2015-06-22,0.313522
2015-06-23,0.3383396125
2015-06-24,0.3530422875
2015-06-25,0.359514725
2015-06-26,0.359390625
2015-06-27,0.3636841875
2015-06-28,0.35831455
2015-06-29,0.3525454875
2015-06-30,0.3482890625
2015-07-01,0.345736925
2015-07-02,0.351597375
2015-07-03,0.3537662625
2015-07-04,0.3491409875
2015-07-05,0.347713675
2015-07-06,0.3499851375
2015-07-07,0.364304
2015-07-08,0.3901590375
2015-07-09,0.4028172625
2015-07-10,0.4019103
2015-07-11,0.3943827125
2015-07-12,0.3895166125
2015-07-13,0.38559509999999997
2015-07-14,0.383410575
2015-07-15,0.38562015
2015-07-16,0.392043625
2015-07-17,0.40198695
2015-07-18,0.4077163375
2015-07-19,0.4116038
2015-07-20,0.41506295
2015-07-21,0.4119976875
2015-07-22,0.408733275
2015-07-23,0.410490125
2015-07-24,0.42149213750000003
2015-07-25,0.4211238625
2015-07-26,0.4234261375
2015-07-27,0.424450525
2015-07-28,0.42395805
2015-07-29,0.4215713125
2015-07-30,0.4225975125
2015-07-31,0.42239028749999996
2015-08-01,0.4215453375
2015-08-02,0.4190304125
2015-08-03,0.4157892
2015-08-04,0.4124780375
2015-08-05,0.4104413125
2015-08-06,0.4078435375
2015-08-07,0.406748775
2015-08-08,0.406398975
2015-08-09,0.4046399875
2015-08-10,0.4059549625
2015-08-11,0.4062841625
2015-08-12,0.4037383875
2015-08-13,0.402384625
2015-08-14,0.4024760375
2015-08-15,0.4007007875
2015-08-16,0.3986653125
2015-08-17,0.3985151125
2015-08-18,0.3994459875
2015-08-19,0.404265725
2015-08-20,0.410683025
2015-08-21,0.4132430875
2015-08-22,0.40969941249999997
2015-08-23,0.406803875
2015-08-24,0.4050505125
2015-08-25,0.40640665
2015-08-26,0.40552937499999997
2015-08-27,0.406139325
2015-08-28,0.4042342
2015-08-29,0.4060375875
2015-08-30,0.4102526375
2015-08-31,0.4138157125
2015-09-01,0.41815325000000003
2015-09-02,0.4169628875
2015-09-03,0.4151455625
2015-09-04,0.413002675
2015-09-05,0.410141225
2015-09-06,0.4074221
2015-09-07,0.40678136249999997
2015-09-08,0.4043855875
2015-09-09,0.4076303
2015-09-10,0.4067047625
2015-09-11,0.4051269
2015-09-12,0.40541235
2015-09-13,0.4054443625
2015-09-14,0.406672825
2015-09-15,0.4025163
2015-09-16,0.39892076249999997
2015-09-17,0.396061925
2015-09-18,0.395149325
2015-09-19,0.401248875
2015-09-20,0.4045733375
2015-09-21,0.408832375
2015-09-22,0.41207855
2015-09-23,0.411541125
2015-09-24,0.408636375
2015-09-25,0.40531825
2015-09-26,0.4016765375
2015-09-27,0.398333
2015-09-28,0.39496929999999997
2015-09-29,0.3916162375
2015-09-30,0.3891023375
2015-10-01,0.38743175
2015-10-02,0.386289325
2015-10-03,0.3851129375
2015-10-04,0.3853140125
2015-10-05,0.3860467125
2015-10-06,0.388926625
2015-10-07,0.3894671375
2015-10-08,0.4044869375
2015-10-09,0.4094259625
2015-10-10,0.403989825
2015-10-11,0.4013845625
2015-10-12,0.398321875
2015-10-13,0.398799725
2015-10-14,0.39675879999999997
2015-10-15,0.3942518875
2015-10-16,0.391331675
2015-10-17,0.388514525
2015-10-18,0.3859657375
2015-10-19,0.3832700625
2015-10-20,0.38064775
2015-10-21,0.3779386875
2015-10-22,0.3755067125
2015-10-23,0.37318815
2015-10-24,0.370843625
2015-10-25,0.3684312625
2015-10-26,0.36586518749999997
2015-10-27,0.363518625
2015-10-28,0.361066
2015-10-29,0.359329025
2015-10-30,0.3590147375
2015-10-31,0.3603560125
2015-11-01,0.3602578625
2015-11-02,0.35828072499999997
2015-11-03,0.3558623375
2015-11-04,0.353575625
2015-11-05,0.3515536875
2015-11-06,0.3497439
2015-11-07,0.34793257499999997
2015-11-08,0.3460843625
2015-11-09,0.34418985
2015-11-10,0.34268295
2015-11-11,0.3411428
2015-11-12,0.3394231875
2015-11-13,0.3372249
2015-11-14,0.3357093
2015-11-15,0.3343382125
2015-11-16,0.3328546125
2015-11-17,0.3326892125
2015-11-18,0.3342785875
2015-11-19,0.33236755
2015-11-20,0.3301920125
2015-11-21,0.3276449
2015-11-22,0.32614225
2015-11-23,0.324521025
2015-11-24,0.32298005
2015-11-25,0.32137882500000003
2015-11-26,0.319973
2015-11-27,0.3186626
2015-11-28,0.3174184875
2015-11-29,0.315811675
2015-11-30,0.3146304625
2015-12-01,0.3136870875
2015-12-02,0.3129062875
2015-12-03,0.3129695125
2015-12-04,0.311840575
2015-12-05,0.3104214125
2015-12-06,0.308846375
2015-12-07,0.3078239625
2015-12-08,0.3069839375
2015-12-09,0.3058716
2015-12-10,0.304514525
2015-12-11,0.3033698375
2015-12-12,0.3023545
2015-12-13,0.301494775
2015-12-14,0.300389025
2015-12-15,0.29924525
2015-12-16,0.298121875
2015-12-17,0.2969342125
2015-12-18,0.2966375375
2015-12-19,0.2958737
2015-12-20,0.294847125
2015-12-21,0.293870025
2015-12-22,0.2927752375
2015-12-23,0.29157125
2015-12-24,0.29038155
2015-12-25,0.2896401875
2015-12-26,0.2885622
2015-12-27,0.2875279
2015-12-28,0.2867069625
2015-12-29,0.28602551249999997
2015-12-30,0.285314575
2015-12-31,0.2844807
2016-01-01,0.28344284999999997
2016-01-02,0.282304075
2016-01-03,0.281166925
2016-01-04,0.280222225
2016-01-05,0.2792470375
2016-01-06,0.27843368749999997
2016-01-07,0.2773182625
2016-01-08,0.2763479125
2016-01-09,0.2755602375
2016-01-10,0.2747650125
2016-01-11,0.2734015
2016-01-12,0.2721296875
2016-01-13,0.27127287499999997
2016-01-14,0.2703990625
2016-01-15,0.26942055
2016-01-16,0.2685693375
2016-01-17,0.267516625
2016-01-18,0.26646706249999996
2016-01-19,0.2654768
2016-01-20,0.2647469
2016-01-21,0.2657151375
2016-01-22,0.2640133625
2016-01-23,0.26269271250000004
2016-01-24,0.2614167125
2016-01-25,0.2601549375
2016-01-26,0.2590676
2016-01-27,0.2581597625
2016-01-28,0.25736739999999997
2016-01-29,0.2565922
2016-01-30,0.255661425
2016-01-31,0.254710975
2016-02-01,0.2536519375
2016-02-02,0.2524119
2016-02-03,0.2511445875
2016-02-04,0.249656575
2016-02-05,0.2482616625
2016-02-06,0.2469862625
2016-02-07,0.246166475
2016-02-08,0.24507755
2016-02-09,0.24473971249999998
2016-02-10,0.2441403
2016-02-11,0.2427476125
2016-02-12,0.2427033375
2016-02-13,0.2422386625
2016-02-14,0.24072266250000002
2016-02-15,0.239447475
2016-02-16,0.237589825
2016-02-17,0.2358497375
2016-02-18,0.2346733875
2016-02-19,0.233184625
2016-02-20,0.2319274
2016-02-21,0.23056888749999999
2016-02-22,0.2293786375
2016-02-23,0.229197875
2016-02-24,0.2336120375
2016-02-25,0.23799
2016-02-26,0.2350278375
2016-02-27,0.2350731
2016-02-28,0.23204995
2016-02-29,0.22916675
2016-03-01,0.2268501625
2016-03-02,0.2247188
2016-03-03,0.22266555
2016-03-04,0.2208334375
2016-03-05,0.21902217499999999
2016-03-06,0.218148625
2016-03-07,0.21895415
2016-03-08,0.21688934999999998
2016-03-09,0.2151649625
2016-03-10,0.2134787625
2016-03-11,0.2120125625
2016-03-12,0.210023725
2016-03-13,0.2090962875
2016-03-14,0.2075924875
2016-03-15,0.20591155
2016-03-16,0.2044014625
2016-03-17,0.20267151249999998
2016-03-18,0.200913425
2016-03-19,0.200458375
2016-03-20,0.19799825
2016-03-21,0.2010306375
2016-03-22,0.2027625375
2016-03-23,0.2006708125
2016-03-24,0.1985280125
2016-03-25,0.19636645
2016-03-26,0.1947898875
2016-03-27,0.1934837375
2016-03-28,0.1969345
2016-03-29,0.2019866875
2016-03-30,0.199279475
2016-03-31,0.2152397875
2016-04-01,0.2496173375
2016-04-02,0.24421318749999998
2016-04-03,0.2432073375
2016-04-04,0.24510890000000002
2016-04-05,0.2404570125
2016-04-06,0.2344237375
2016-04-07,0.229887225
2016-04-08,0.2276111625
2016-04-09,0.22539243750000001
2016-04-10,0.222057575
2016-04-11,0.2189947625
2016-04-12,0.2165777125
2016-04-13,0.214245875
2016-04-14,0.2121335625
2016-04-15,0.2102048875
2016-04-16,0.2083695125
2016-04-17,0.2069580875
2016-04-18,0.2061692
2016-04-19,0.2046851125
2016-04-20,0.20259812500000002
2016-04-21,0.2009621875
2016-04-22,0.1995172
2016-04-23,0.198215525
2016-04-24,0.1968939375
2016-04-25,0.1958818
2016-04-26,0.19487227499999998
2016-04-27,0.1940489875
2016-04-28,0.1928828875
2016-04-29,0.1919736875
2016-04-30,0.19057683749999998
2016-05-01,0.19279517499999999
2016-05-02,0.2116094875
2016-05-03,0.219894075
2016-05-04,0.21402342500000002
2016-05-05,0.2098520375
2016-05-06,0.2092233875
2016-05-07,0.21035181249999998
2016-05-08,0.2098249375
2016-05-09,0.206920625
2016-05-10,0.20460024999999998
2016-05-11,0.2025280375
2016-05-12,0.2006012875
2016-05-13,0.220768425
2016-05-14,0.2279699
2016-05-15,0.2194191875
2016-05-16,0.2154933625
2016-05-17,0.2161402875
2016-05-18,0.2303390375
2016-05-19,0.2467363
2016-05-20,0.28914945
2016-05-21,0.3132946875
2016-05-22,0.301450375
2016-05-23,0.2885770375
2016-05-24,0.28769485
2016-05-25,0.2929539125
2016-05-26,0.288502875
2016-05-27,0.2838417125
2016-05-28,0.2855507
2016-05-29,0.2902195
2016-05-30,0.28830795
2016-05-31,0.2890603
2016-06-01,0.28691085
2016-06-02,0.281732425
2016-06-03,0.27764905
2016-06-04,0.2742501875
2016-06-05,0.272897675
2016-06-06,0.2736940625
2016-06-07,0.28175935
2016-06-08,0.3004923625
2016-06-09,0.305265625
2016-06-10,0.3100627125
2016-06-11,0.33451155
2016-06-12,0.36418317499999997
2016-06-13,0.360757925
2016-06-14,0.3569583875
2016-06-15,0.34985435
2016-06-16,0.3458149125
2016-06-17,0.3430611375
2016-06-18,0.3414254875
2016-06-19,0.3396289125
2016-06-20,0.337065575
2016-06-21,0.33501166250000003
2016-06-22,0.334636925
2016-06-23,0.335020525
2016-06-24,0.33337585000000003
2016-06-25,0.33361704999999997
2016-06-26,0.339523225
2016-06-27,0.333501425
2016-06-28,0.33271255
2016-06-29,0.34250585
2016-06-30,0.3373248625
2016-07-01,0.3375737875
2016-07-02,0.34372105
2016-07-03,0.3554248375
2016-07-04,0.3700131875
2016-07-05,0.37764742500000004
2016-07-06,0.3775254625
2016-07-07,0.3775649125
2016-07-08,0.3739891125
2016-07-09,0.371172225
2016-07-10,0.3690944625
2016-07-11,0.366810675
2016-07-12,0.3660816375
2016-07-13,0.3683950625
2016-07-14,0.36709485
2016-07-15,0.3726769375
2016-07-16,0.3842971375
2016-07-17,0.3830163375
2016-07-18,0.38709686249999997
2016-07-19,0.3914789375
2016-07-20,0.3882571375
2016-07-21,0.3841046375
2016-07-22,0.382203425
2016-07-23,0.38146694999999997
2016-07-24,0.3824466125
2016-07-25,0.3923717625
2016-07-26,0.3911991125
2016-07-27,0.3859816875
2016-07-28,0.3836922625
2016-07-29,0.3920777
2016-07-30,0.3890218375
2016-07-31,0.4014255875
2016-08-01,0.3972211375
2016-08-02,0.3934987875
2016-08-03,0.39070520000000003
2016-08-04,0.38854255
2016-08-05,0.38563631249999997
2016-08-06,0.3844418125
2016-08-07,0.38287658750000003
2016-08-08,0.3805305
2016-08-09,0.3821512625
2016-08-10,0.3942388375
2016-08-11,0.3926606375
2016-08-12,0.38885186250000003
2016-08-13,0.38781248749999997
2016-08-14,0.3929191
2016-08-15,0.38992696250000003
2016-08-16,0.3880794375
2016-08-17,0.390763625
2016-08-18,0.3865551875
2016-08-19,0.382110825
2016-08-20,0.381583775
2016-08-21,0.400482825
2016-08-22,0.3953760375
2016-08-23,0.3895275625
2016-08-24,0.3865623125
2016-08-25,0.3887521
2016-08-26,0.4010341375
2016-08-27,0.4042481625
2016-08-28,0.406557775
2016-08-29,0.401373875
2016-08-30,0.400568075
2016-08-31,0.4015015875
2016-09-01,0.409012125
2016-09-02,0.4076818375
2016-09-03,0.4057834875
2016-09-04,0.4035897
2016-09-05,0.400461175
2016-09-06,0.397717375
2016-09-07,0.394601275
2016-09-08,0.3913447125
2016-09-09,0.3885989875
2016-09-10,0.3868190875
2016-09-11,0.387900525
2016-09-12,0.38844915
2016-09-13,0.3938392125
2016-09-14,0.396384125
2016-09-15,0.3912374625
2016-09-16,0.388567175
2016-09-17,0.3905308375
2016-09-18,0.3886920375
2016-09-19,0.38635735
2016-09-20,0.3855784125
2016-09-21,0.3867949625
2016-09-22,0.38527665
2016-09-23,0.3836634375
2016-09-24,0.382259425
2016-09-25,0.38059045
2016-09-26,0.3791828
2016-09-27,0.38411768749999997
2016-09-28,0.3953786125
2016-09-29,0.391532
2016-09-30,0.39066626249999997
2016-10-01,0.3934732
2016-10-02,0.395121475
2016-10-03,0.3962322875
2016-10-04,0.3946090125
2016-10-05,0.393474025
2016-10-06,0.3913873
2016-10-07,0.3899162625
2016-10-08,0.39196803750000003
2016-10-09,0.3935794375
2016-10-10,0.397248675
2016-10-11,0.4053345
2016-10-12,0.4111396125
2016-10-13,0.4058396
2016-10-14,0.402670025
2016-10-15,0.399791925
2016-10-16,0.3966204375
2016-10-17,0.3935257625
2016-10-18,0.3905299875
2016-10-19,0.387557175
2016-10-20,0.384553575
2016-10-21,0.381597075
2016-10-22,0.37864475
2016-10-23,0.3757688625
2016-10-24,0.3730601125
2016-10-25,0.370631575
2016-10-26,0.368531025
2016-10-27,0.36747315
2016-10-28,0.3704435125
2016-10-29,0.3712597625
2016-10-30,0.36823815
2016-10-31,0.365162025
2016-11-01,0.3622683375
2016-11-02,0.35985018750000003
2016-11-03,0.3596379875
2016-11-04,0.36713514999999997
2016-11-05,0.389566675
2016-11-06,0.3985403
2016-11-07,0.3921368375
2016-11-08,0.3875217125
2016-11-09,0.3848296
2016-11-10,0.382783925
2016-11-11,0.3804636
2016-11-12,0.3785158375
2016-11-13,0.3766308625
2016-11-14,0.374552175
2016-11-15,0.37244225
2016-11-16,0.370379275
2016-11-17,0.3682266125
2016-11-18,0.366168425
2016-11-19,0.3641976125
2016-11-20,0.3623310875
2016-11-21,0.360626925
2016-11-22,0.358915725
2016-11-23,0.3571694375
2016-11-24,0.3554667625
2016-11-25,0.3539404875
2016-11-26,0.3524011875
2016-11-27,0.350760825
2016-11-28,0.34918808749999997
2016-11-29,0.3477681625
2016-11-30,0.3463353125
2016-12-01,0.3448671875
2016-12-02,0.3434702
2016-12-03,0.3420635625
2016-12-04,0.3406113125
2016-12-05,0.3392014375
2016-12-06,0.337659
2016-12-07,0.3361922
2016-12-08,0.3347804
2016-12-09,0.33338147500000004
2016-12-10,0.332033125
2016-12-11,0.330726725
2016-12-12,0.329454725
2016-12-13,0.3282208125
2016-12-14,0.32706145
2016-12-15,0.3259535
2016-12-16,0.3245359375
2016-12-17,0.323287725
2016-12-18,0.3223841375
2016-12-19,0.3217042625
2016-12-20,0.3209028
2016-12-21,0.3197689875
2016-12-22,0.3185501625
2016-12-23,0.317398
2016-12-24,0.3163071625
2016-12-25,0.3150449125
2016-12-26,0.3138427
2016-12-27,0.3128165625
2016-12-28,0.3116089375
2016-12-29,0.3101864875
2016-12-30,0.308856075
2016-12-31,0.3074750125
2017-01-01,0.30638555
2017-01-02,0.30517442499999997
2017-01-03,0.3039591625
2017-01-04,0.3028759625
2017-01-05,0.3018610125
2017-01-06,0.30065766250000003
2017-01-07,0.2994246
2017-01-08,0.298278275
2017-01-09,0.29692265
2017-01-10,0.2955458375
2017-01-11,0.2944732375
2017-01-12,0.2934004125
2017-01-13,0.2921463375
2017-01-14,0.290810275
2017-01-15,0.2897561375
2017-01-16,0.2886141625
2017-01-17,0.2874649
2017-01-18,0.2862319125
2017-01-19,0.2849761875
2017-01-20,0.2838884875
2017-01-21,0.28248165000000003
2017-01-22,0.2812832375
2017-01-23,0.280188575
2017-01-24,0.2790521625
2017-01-25,0.277649475
2017-01-26,0.275996275
2017-01-27,0.275044875
2017-01-28,0.27441775
2017-01-29,0.2730481125
2017-01-30,0.2716947
2017-01-31,0.2705925
2017-02-01,0.269479175
2017-02-02,0.267984575
2017-02-03,0.2666283
2017-02-04,0.2653019125
2017-02-05,0.2639244
2017-02-06,0.262358875
2017-02-07,0.2612734
2017-02-08,0.2598351375
2017-02-09,0.2584344125
2017-02-10,0.2573123625
2017-02-11,0.256238375
2017-02-12,0.2559183
2017-02-13,0.2553192375
2017-02-14,0.253806775
2017-02-15,0.252012375
2017-02-16,0.2505186
2017-02-17,0.2492472
2017-02-18,0.2478379125
2017-02-19,0.246771775
2017-02-20,0.24619312499999998
2017-02-21,0.24526495
2017-02-22,0.244070925
2017-02-23,0.243751875
2017-02-24,0.2421476375
2017-02-25,0.2400253875
2017-02-26,0.2378244875
2017-02-27,0.2355570375
2017-02-28,0.23380005
2017-03-01,0.2322004375
2017-03-02,0.2306625625
2017-03-03,0.229003825
2017-03-04,0.2274933875
2017-03-05,0.229297375
2017-03-06,0.244144225
2017-03-07,0.2505378375
2017-03-08,0.2516497625
2017-03-09,0.2581486125
2017-03-10,0.25703445
2017-03-11,0.2655372
2017-03-12,0.2625094125
2017-03-13,0.2564774125
2017-03-14,0.2515921875
2017-03-15,0.2479779
2017-03-16,0.24474045
2017-03-17,0.242314225
2017-03-18,0.24636435
2017-03-19,0.2632989375
2017-03-20,0.26111615
2017-03-21,0.2600676
2017-03-22,0.2547992375
2017-03-23,0.2504469375
2017-03-24,0.2471003
2017-03-25,0.2448670375
2017-03-26,0.2427108375
2017-03-27,0.240035275
2017-03-28,0.2379325125
2017-03-29,0.23684635
2017-03-30,0.2371018375
2017-03-31,0.23268515
2017-04-01,0.23009461250000002
2017-04-02,0.22819111250000002
2017-04-03,0.2374089625
2017-04-04,0.2604867
2017-04-05,0.2793631625
2017-04-06,0.2879385125
2017-04-07,0.2755109125
2017-04-08,0.268022125
2017-04-09,0.2629324875
2017-04-10,0.2584958
2017-04-11,0.2543744375
2017-04-12,0.2508687375
2017-04-13,0.24767015
2017-04-14,0.24483934999999998
2017-04-15,0.241908175
2017-04-16,0.2404528
2017-04-17,0.2381548
2017-04-18,0.2352041125
2017-04-19,0.241009
2017-04-20,0.2627681625
2017-04-21,0.27355655
2017-04-22,0.2836097125
2017-04-23,0.3019371
2017-04-24,0.3038695125
2017-04-25,0.3057110625
2017-04-26,0.2957743625
2017-04-27,0.2893616625
2017-04-28,0.28465865
2017-04-29,0.2809787
2017-04-30,0.2778613875
2017-05-01,0.2753744125
2017-05-02,0.2737302875
2017-05-03,0.2710994
2017-05-04,0.2675660625
2017-05-05,0.263961125
2017-05-06,0.261346025
2017-05-07,0.260118425
2017-05-08,0.2570390875
2017-05-09,0.25891281250000003
2017-05-10,0.2728896
2017-05-11,0.2658638875
2017-05-12,0.2602205375
2017-05-13,0.2562119
2017-05-14,0.25415540000000003
2017-05-15,0.2556451
2017-05-16,0.26217055
2017-05-17,0.271827675
2017-05-18,0.2703046125
2017-05-19,0.265207275
2017-05-20,0.2618099625
2017-05-21,0.2583445625
2017-05-22,0.25537675
2017-05-23,0.252278825
2017-05-24,0.248849175
2017-05-25,0.24562675
2017-05-26,0.2425196125
2017-05-27,0.2399890625
2017-05-28,0.2462889875
2017-05-29,0.2518948125
2017-05-30,0.283680025
2017-05-31,0.2816054875
2017-06-01,0.302670925
2017-06-02,0.3177242
2017-06-03,0.30629655
2017-06-04,0.3021280875
2017-06-05,0.3058090375
2017-06-06,0.302431125
2017-06-07,0.29743935
2017-06-08,0.31199801250000003
2017-06-09,0.31305675
2017-06-10,0.3104786
2017-06-11,0.3238123375
2017-06-12,0.3501188
2017-06-13,0.3578900375
2017-06-14,0.3516250125
2017-06-15,0.353032
2017-06-16,0.357889625
2017-06-17,0.355144425
2017-06-18,0.3556689625
2017-06-19,0.372953625
2017-06-20,0.3805338375
2017-06-21,0.3826692875
2017-06-22,0.3846598375
2017-06-23,0.3797740625
2017-06-24,0.3757610125
2017-06-25,0.372490875
2017-06-26,0.369408625
2017-06-27,0.3669475875
2017-06-28,0.3647129
2017-06-29,0.3622595625
2017-06-30,0.3629438125
2017-07-01,0.371405075
2017-07-02,0.38151965
2017-07-03,0.389636925
2017-07-04,0.3941525
2017-07-05,0.392033175
2017-07-06,0.390094175
2017-07-07,0.3853333875
2017-07-08,0.3816510875
2017-07-09,0.38099442499999997
2017-07-10,0.3861008625
2017-07-11,0.385065275
2017-07-12,0.3860897375
2017-07-13,0.388947725
2017-07-14,0.3878318625
2017-07-15,0.38681587500000003
2017-07-16,0.383612475
2017-07-17,0.386109225
2017-07-18,0.3888757375
2017-07-19,0.40616505
2017-07-20,0.4149015125
2017-07-21,0.416327725
2017-07-22,0.413585925
2017-07-23,0.41294595
2017-07-24,0.4173465625
2017-07-25,0.4211199875
2017-07-26,0.420026525
2017-07-27,0.4171170375
2017-07-28,0.4146385875
2017-07-29,0.413608725
2017-07-30,0.4117053875
2017-07-31,0.40797975
2017-08-01,0.405528
2017-08-02,0.40431703750000003
2017-08-03,0.404281675
2017-08-04,0.40319915
2017-08-05,0.4033975125
2017-08-06,0.403319425
2017-08-07,0.4020752875
2017-08-08,0.39968021249999997
2017-08-09,0.3970044625
2017-08-10,0.4036236375
2017-08-11,0.4086399125
2017-08-12,0.4140980375
2017-08-13,0.415647125
2017-08-14,0.41232036250000004
2017-08-15,0.412869775
2017-08-16,0.41390838750000003
2017-08-17,0.4115067
2017-08-18,0.40940278750000003
2017-08-19,0.408474825
2017-08-20,0.4065743125
2017-08-21,0.409238275
2017-08-22,0.413194075
2017-08-23,0.4108941125
2017-08-24,0.411237275
2017-08-25,0.4100367125
2017-08-26,0.408846425
2017-08-27,0.4077030125
2017-08-28,0.4051660375
2017-08-29,0.4022493125
2017-08-30,0.4013712625
2017-08-31,0.407249775
2017-09-01,0.4119185375
2017-09-02,0.409776325
2017-09-03,0.4074888875
2017-09-04,0.40625669999999997
2017-09-05,0.4040390625
2017-09-06,0.4016149
2017-09-07,0.3995881
2017-09-08,0.3994459
2017-09-09,0.39696895
2017-09-10,0.40077595
2017-09-11,0.405316625
2017-09-12,0.4068815375
2017-09-13,0.4032986125
2017-09-14,0.40059646250000003
2017-09-15,0.3980806625
2017-09-16,0.39681117499999996
2017-09-17,0.40263495
2017-09-18,0.406804925
2017-09-19,0.4082406875
2017-09-20,0.40863705
2017-09-21,0.4052031625
2017-09-22,0.4017718125
2017-09-23,0.4018889625
2017-09-24,0.4033598375
2017-09-25,0.4046011625
2017-09-26,0.4108846375
2017-09-27,0.4125278
2017-09-28,0.4108621375
2017-09-29,0.41415295
2017-09-30,0.41610275
2017-10-01,0.41312862499999997
2017-10-02,0.4095779375
2017-10-03,0.40797755
2017-10-04,0.4076465625
2017-10-05,0.4065851375
2017-10-06,0.405223325
2017-10-07,0.4046767375
2017-10-08,0.403207
2017-10-09,0.4026834125
2017-10-10,0.4001119875
2017-10-11,0.3964849625
2017-10-12,0.3935990625
2017-10-13,0.39075716250000003
2017-10-14,0.3876714375
2017-10-15,0.385078025
2017-10-16,0.38238456249999997
2017-10-17,0.3797711375
2017-10-18,0.3830312125
2017-10-19,0.3871133
2017-10-20,0.4007777
2017-10-21,0.4201246
2017-10-22,0.416428425
2017-10-23,0.41022186250000003
2017-10-24,0.406680025
2017-10-25,0.403971375
2017-10-26,0.4012150625
2017-10-27,0.3985165625
2017-10-28,0.3960695375
2017-10-29,0.3980671625
2017-10-30,0.40535325
2017-10-31,0.40259123750000003
2017-11-01,0.39931905
2017-11-02,0.39653455
2017-11-03,0.3938725
2017-11-04,0.3913502625
2017-11-05,0.388973275
2017-11-06,0.3865617125
2017-11-07,0.38418845
2017-11-08,0.381900175
2017-11-09,0.3795464375
2017-11-10,0.3773296375
2017-11-11,0.3750444
2017-11-12,0.372829425
2017-11-13,0.3706774
2017-11-14,0.3686253125
2017-11-15,0.368471425
2017-11-16,0.368915625
2017-11-17,0.3680698125
2017-11-18,0.3656868875
2017-11-19,0.36351405
2017-11-20,0.361524
2017-11-21,0.3598740375
2017-11-22,0.35806815
2017-11-23,0.35639838749999997
2017-11-24,0.35482605
2017-11-25,0.3532419
2017-11-26,0.3516296125
2017-11-27,0.350287925
2017-11-28,0.3490064125
2017-11-29,0.3478153375
2017-11-30,0.3463760875
2017-12-01,0.3447376875
2017-12-02,0.3430822125
2017-12-03,0.341603075
2017-12-04,0.340077325
2017-12-05,0.3386639125
2017-12-06,0.33741805
2017-12-07,0.3369073125
2017-12-08,0.3449313125
2017-12-09,0.3587523875
2017-12-10,0.3625713625
2017-12-11,0.3604833875
2017-12-12,0.35648653750000003
2017-12-13,0.35496855
2017-12-14,0.353469325
2017-12-15,0.3521035
2017-12-16,0.35049305
2017-12-17,0.349005475
2017-12-18,0.3474844125
2017-12-19,0.3460876
2017-12-20,0.3447622
2017-12-21,0.343418575
2017-12-22,0.34229373750000003
2017-12-23,0.3412960375
2017-12-24,0.340082
2017-12-25,0.33894845
2017-12-26,0.3376597
2017-12-27,0.336340625
2017-12-28,0.3348721
2017-12-29,0.333523875
2017-12-30,0.33206655
2017-12-31,0.33087045
2018-01-01,0.3304469
2018-01-02,0.33185023750000003
2018-01-03,0.330463625
2018-01-04,0.329011925
2018-01-05,0.3276742625
2018-01-06,0.32629755
2018-01-07,0.3249595125
2018-01-08,0.3233973625
2018-01-09,0.3221285125
2018-01-10,0.3211058
2018-01-11,0.3204167125
2018-01-12,0.3198820625
2018-01-13,0.3193308625
2018-01-14,0.3186383875
2018-01-15,0.3180120625
2018-01-16,0.3170799125
2018-01-17,0.3160365
2018-01-18,0.3147163125
2018-01-19,0.3133064625
2018-01-20,0.3119645
2018-01-21,0.310682825
2018-01-22,0.3095254875
2018-01-23,0.3086678
2018-01-24,0.30775295
2018-01-25,0.306801775
2018-01-26,0.305172275
2018-01-27,0.3039015
2018-01-28,0.3024701375
2018-01-29,0.3011898625
2018-01-30,0.30029455
2018-01-31,0.29925134999999997
2018-02-01,0.297954
2018-02-02,0.297147225
2018-02-03,0.2962317
2018-02-04,0.29532186250000003
2018-02-05,0.294373975
2018-02-06,0.29322865
2018-02-07,0.2918446125
2018-02-08,0.2913581125
2018-02-09,0.2904587
2018-02-10,0.2888853375
2018-02-11,0.2872458625
2018-02-12,0.28513105
2018-02-13,0.2831055625
2018-02-14,0.281329025
2018-02-15,0.2796394625
2018-02-16,0.27794975
2018-02-17,0.2766012875
2018-02-18,0.27531883749999997
2018-02-19,0.27381705
2018-02-20,0.27229045
2018-02-21,0.2711987875
2018-02-22,0.2699848125
2018-02-23,0.2682649375
2018-02-24,0.2665253875
2018-02-25,0.2646913875
2018-02-26,0.2641087
2018-02-27,0.2622515125
2018-02-28,0.260301375
2018-03-01,0.2584946125
2018-03-02,0.2568467
2018-03-03,0.2549540875
2018-03-04,0.253221375
2018-03-05,0.2515028625
2018-03-06,0.2495765
2018-03-07,0.2473738125
2018-03-08,0.2447066875
2018-03-09,0.24238375
2018-03-10,0.24025185
2018-03-11,0.2384577875
2018-03-12,0.2363828375
2018-03-13,0.2343944125
2018-03-14,0.23249995
2018-03-15,0.230695425
2018-03-16,0.2321871375
2018-03-17,0.232682
2018-03-18,0.2301096625
2018-03-19,0.2274378375
2018-03-20,0.2243584875
2018-03-21,0.22153065
2018-03-22,0.2195718125
2018-03-23,0.21806585
2018-03-24,0.216432125
2018-03-25,0.2149371125
2018-03-26,0.2134091375
2018-03-27,0.211830975
2018-03-28,0.2102604625
2018-03-29,0.2086773625
2018-03-30,0.2090806875
2018-03-31,0.2133730875
2018-04-01,0.2138428
2018-04-02,0.21177075
2018-04-03,0.209485925
2018-04-04,0.2068668375
2018-04-05,0.20484521249999998
2018-04-06,0.20512245
2018-04-07,0.2077972125
2018-04-08,0.2076448125
2018-04-09,0.2132320375
2018-04-10,0.210066875
2018-04-11,0.208970875
2018-04-12,0.206623275
2018-04-13,0.2039064
2018-04-14,0.204741425
2018-04-15,0.20817385
2018-04-16,0.2037452125
2018-04-17,0.206274675
2018-04-18,0.2232823625
2018-04-19,0.2217008
2018-04-20,0.21943515
2018-04-21,0.2237437875
2018-04-22,0.222885625
2018-04-23,0.2231884
2018-04-24,0.2178229875
2018-04-25,0.213312275
2018-04-26,0.2102981375
2018-04-27,0.208476725
2018-04-28,0.2059157
2018-04-29,0.213270525
2018-04-30,0.235476025
2018-05-01,0.254989
2018-05-02,0.2454344875
2018-05-03,0.24082135
2018-05-04,0.239184575
2018-05-05,0.24566945
2018-05-06,0.2577614
2018-05-07,0.2618254625
2018-05-08,0.2779844375
2018-05-09,0.266621325
2018-05-10,0.2713209875
2018-05-11,0.2796007
2018-05-12,0.2910408125
2018-05-13,0.2822212375
2018-05-14,0.2850325375
2018-05-15,0.280883275
2018-05-16,0.2790046625
2018-05-17,0.2772935875
2018-05-18,0.279693625
2018-05-19,0.2973224125
2018-05-20,0.2955777375
2018-05-21,0.2933269875
2018-05-22,0.29513100000000003
2018-05-23,0.2918329
2018-05-24,0.30053975
2018-05-25,0.29606445
2018-05-26,0.29093209999999997
2018-05-27,0.28636228750000003
2018-05-28,0.2823006375
2018-05-29,0.2815760875
2018-05-30,0.2850842
2018-05-31,0.296753225
2018-06-01,0.3027806875
2018-06-02,0.3024912
2018-06-03,0.29966655
2018-06-04,0.3038115625
2018-06-05,0.31697175
2018-06-06,0.3121106
2018-06-07,0.3072611625
2018-06-08,0.309048075
2018-06-09,0.31867795
2018-06-10,0.3399522
2018-06-11,0.3717558375
2018-06-12,0.39331185
2018-06-13,0.38529057499999997
2018-06-14,0.3789350375
2018-06-15,0.3794810375
2018-06-16,0.3844646875
2018-06-17,0.386487775
2018-06-18,0.3828315625
2018-06-19,0.3800139375
2018-06-20,0.3802732625
2018-06-21,0.37775895
2018-06-22,0.3744898375
2018-06-23,0.3809069625
2018-06-24,0.3868934375
2018-06-25,0.39218655
2018-06-26,0.3875461125
2018-06-27,0.384166075
2018-06-28,0.380619325
2018-06-29,0.3781677125
2018-06-30,0.375044075
2018-07-01,0.37375854999999997
2018-07-02,0.3834673875
2018-07-03,0.3976348
2018-07-04,0.404920025
2018-07-05,0.4007621375
2018-07-06,0.39569615
2018-07-07,0.3926438
2018-07-08,0.3896196125
2018-07-09,0.3872532625
2018-07-10,0.3849714125
2018-07-11,0.3850270375
2018-07-12,0.3842713125
2018-07-13,0.3825820125
2018-07-14,0.387389825
2018-07-15,0.3853594875
2018-07-16,0.3845332
2018-07-17,0.382884925
2018-07-18,0.3810096375
2018-07-19,0.3770376625
2018-07-20,0.376304875
2018-07-21,0.3814514625
2018-07-22,0.3850075
2018-07-23,0.39596726250000003
2018-07-24,0.404909575
2018-07-25,0.4047720625
2018-07-26,0.4047046875
2018-07-27,0.406506775
2018-07-28,0.4107340125
2018-07-29,0.407479075
2018-07-30,0.40412526249999997
2018-07-31,0.4014272
2018-08-01,0.402807875
2018-08-02,0.4024756
2018-08-03,0.4005154375
2018-08-04,0.3981713875
2018-08-05,0.4003092875
2018-08-06,0.4030869375
2018-08-07,0.399658425
2018-08-08,0.394380025
2018-08-09,0.3911056
2018-08-10,0.3882737625
2018-08-11,0.38547929999999997
2018-08-12,0.3838208375
2018-08-13,0.381840525
2018-08-14,0.3823088625
2018-08-15,0.38606235
2018-08-16,0.3810578125
2018-08-17,0.380202175
2018-08-18,0.3845325625
2018-08-19,0.382930975
2018-08-20,0.3807941875
2018-08-21,0.3864763
2018-08-22,0.3878137875
2018-08-23,0.3870898625
2018-08-24,0.3875409
2018-08-25,0.3858712125
2018-08-26,0.3838839375
2018-08-27,0.3813738125
2018-08-28,0.3787011625
2018-08-29,0.376707
2018-08-30,0.375054525
2018-08-31,0.372423175
2018-09-01,0.3718588625
2018-09-02,0.3725075375
2018-09-03,0.370965125
2018-09-04,0.3730661375
2018-09-05,0.36995941250000003
2018-09-06,0.36697420000000003
2018-09-07,0.3635039125
2018-09-08,0.3603672875
2018-09-09,0.36004415
2018-09-10,0.3596589875
2018-09-11,0.3584342125
2018-09-12,0.3671109875
2018-09-13,0.367709425
2018-09-14,0.3644081125
2018-09-15,0.36391588750000003
2018-09-16,0.3643815
2018-09-17,0.359958825
2018-09-18,0.3576588125
2018-09-19,0.3610842375
2018-09-20,0.3657040875
2018-09-21,0.363536125
2018-09-22,0.35887725000000004
2018-09-23,0.35734068750000003
2018-09-24,0.358579375
2018-09-25,0.3581224375
2018-09-26,0.35563175
2018-09-27,0.3531676625
2018-09-28,0.35145795
2018-09-29,0.3497288
2018-09-30,0.34699481249999997
2018-10-01,0.344369075
2018-10-02,0.3413820625
2018-10-03,0.3387932375
2018-10-04,0.336550175
2018-10-05,0.33453191250000003
2018-10-06,0.33234075
2018-10-07,0.3301484375
2018-10-08,0.3280942375
2018-10-09,0.3317940375
2018-10-10,0.33486725
2018-10-11,0.3528474125
2018-10-12,0.3568366
2018-10-13,0.361016675
2018-10-14,0.357032725
2018-10-15,0.351913875
2018-10-16,0.34834525
2018-10-17,0.3456299
2018-10-18,0.3432713625
2018-10-19,0.34116362499999997
2018-10-20,0.33922905000000003
2018-10-21,0.33723595
2018-10-22,0.33519435000000003
2018-10-23,0.3332422
2018-10-24,0.3311942625
2018-10-25,0.3292368875
2018-10-26,0.3273874625
2018-10-27,0.3255100375
2018-10-28,0.3278805
2018-10-29,0.331361925
2018-10-30,0.3359631875
2018-10-31,0.336821475
2018-11-01,0.3322659875
2018-11-02,0.3293171875
2018-11-03,0.3278522
2018-11-04,0.32563641249999997
2018-11-05,0.323814825
2018-11-06,0.322543075
2018-11-07,0.3211443125
2018-11-08,0.3190492125
2018-11-09,0.3172715625
2018-11-10,0.3155380375
2018-11-11,0.3138950875
2018-11-12,0.3123001
2018-11-13,0.3107144
2018-11-14,0.3093855875
2018-11-15,0.3084132625
2018-11-16,0.3072590625
2018-11-17,0.30590225
2018-11-18,0.3047597875
2018-11-19,0.3031932125
2018-11-20,0.3019176125
2018-11-21,0.3006055375
2018-11-22,0.2989961875
2018-11-23,0.2977043
2018-11-24,0.296511525
2018-11-25,0.295194875
2018-11-26,0.293723125
2018-11-27,0.2920392
2018-11-28,0.2904387875
2018-11-29,0.28902727500000003
2018-11-30,0.2876512625
2018-12-01,0.2865953
2018-12-02,0.2855725375
2018-12-03,0.2844223875
2018-12-04,0.2830257875
2018-12-05,0.28187125
2018-12-06,0.2817048625
2018-12-07,0.28111865
2018-12-08,0.2796572
2018-12-09,0.278346
2018-12-10,0.276966575
2018-12-11,0.2756473875
2018-12-12,0.2745432
2018-12-13,0.2734029625
2018-12-14,0.2720688875
2018-12-15,0.27109215
2018-12-16,0.271075675
2018-12-17,0.276276725
2018-12-18,0.2751654125
2018-12-19,0.273532225
2018-12-20,0.2716349625
2018-12-21,0.2701316625
2018-12-22,0.2686340625
2018-12-23,0.267143925
2018-12-24,0.2660168
2018-12-25,0.26503835
2018-12-26,0.2641702875
2018-12-27,0.263179525
2018-12-28,0.26210435
2018-12-29,0.2609715875
2018-12-30,0.2599339625
2018-12-31,0.2588021875
2019-01-01,0.2575553125
2019-01-02,0.2563202
2019-01-03,0.2552511875
2019-01-04,0.2542840625
2019-01-05,0.2531446625
2019-01-06,0.25199975
2019-01-07,0.250926525
2019-01-08,0.249891875
2019-01-09,0.24898395
2019-01-10,0.24820335
2019-01-11,0.2472914
2019-01-12,0.24622555
2019-01-13,0.244998925
2019-01-14,0.2441067125
2019-01-15,0.24316632500000002
2019-01-16,0.2421341125
2019-01-17,0.2410995
2019-01-18,0.2402783625
2019-01-19,0.23963685
2019-01-20,0.2391498875
2019-01-21,0.2380905375
2019-01-22,0.2367509625
2019-01-23,0.2354769625
2019-01-24,0.2342257
2019-01-25,0.2330904625
2019-01-26,0.2318216125
2019-01-27,0.2309783625
2019-01-28,0.23017825
2019-01-29,0.2295417375
2019-01-30,0.2282202
2019-01-31,0.2268848125
2019-02-01,0.22542347499999998
2019-02-02,0.2239855
2019-02-03,0.223027075
2019-02-04,0.221962425
2019-02-05,0.220771675
2019-02-06,0.2198119625
2019-02-07,0.2192038125
2019-02-08,0.21804605
2019-02-09,0.2169026625
2019-02-10,0.2161493625
2019-02-11,0.2146470375
2019-02-12,0.213465375
2019-02-13,0.212117625
2019-02-14,0.2108923125
2019-02-15,0.2096984125
2019-02-16,0.20928925
2019-02-17,0.210283325
2019-02-18,0.210348925
2019-02-19,0.2098806
2019-02-20,0.210724725
2019-02-21,0.2093136875
2019-02-22,0.2079275125
2019-02-23,0.207268175
2019-02-24,0.2061205625
2019-02-25,0.2149590375
2019-02-26,0.2339099
2019-02-27,0.2448196125
2019-02-28,0.24840355
2019-03-01,0.242020175
2019-03-02,0.23587175
2019-03-03,0.2329890625
2019-03-04,0.23064365
2019-03-05,0.23548235
2019-03-06,0.2391115125
2019-03-07,0.235212
2019-03-08,0.231641125
2019-03-09,0.22932445
2019-03-10,0.2276820625
2019-03-11,0.2257663375
2019-03-12,0.224342425
2019-03-13,0.22282075
2019-03-14,0.2206304375
2019-03-15,0.2186612375
2019-03-16,0.217739275
2019-03-17,0.2174232375
2019-03-18,0.218852375
2019-03-19,0.216241925
2019-03-20,0.2135936375
2019-03-21,0.211592075
2019-03-22,0.2096021375
2019-03-23,0.207850175
2019-03-24,0.20573088750000001
2019-03-25,0.20352855
2019-03-26,0.2016678
2019-03-27,0.2000475875
2019-03-28,0.1985368375
2019-03-29,0.1969501625
2019-03-30,0.19567798749999998
2019-03-31,0.20063185
2019-04-01,0.2165628625
2019-04-02,0.22361725
2019-04-03,0.2278677625
2019-04-04,0.2236423625
2019-04-05,0.2181843625
2019-04-06,0.220495775
2019-04-07,0.22187995
2019-04-08,0.223708525
2019-04-09,0.231757425
2019-04-10,0.24091805
2019-04-11,0.2389561875
2019-04-12,0.2347467125
2019-04-13,0.2304533125
2019-04-14,0.2331063125
2019-04-15,0.2275366
2019-04-16,0.22368351250000001
2019-04-17,0.2202182125
2019-04-18,0.2170303375
2019-04-19,0.214078125
2019-04-20,0.2113271125
2019-04-21,0.2090198
2019-04-22,0.206876975
2019-04-23,0.2044958
2019-04-24,0.2025046875
2019-04-25,0.2007355
2019-04-26,0.1987784125
2019-04-27,0.1970874875
2019-04-28,0.195750825
2019-04-29,0.1945015875
2019-04-30,0.1932071125
2019-05-01,0.1914210625
2019-05-02,0.1906592875
2019-05-03,0.19588615
2019-05-04,0.22424525
2019-05-05,0.221109675
2019-05-06,0.2134275
2019-05-07,0.208673775
2019-05-08,0.2052744875
2019-05-09,0.2026797625
2019-05-10,0.2012865
2019-05-11,0.2000299875
2019-05-12,0.1982622
2019-05-13,0.20154872499999998
2019-05-14,0.21268518749999998
2019-05-15,0.2095626125
2019-05-16,0.2093120625
2019-05-17,0.20775098749999998
2019-05-18,0.206115425
2019-05-19,0.20347115
2019-05-20,0.200819725
2019-05-21,0.198175775
2019-05-22,0.1999391375
2019-05-23,0.2109636125
2019-05-24,0.21190035
2019-05-25,0.234883075
2019-05-26,0.2281438875
2019-05-27,0.2216648
2019-05-28,0.2165693125
2019-05-29,0.21270905
2019-05-30,0.20980175
2019-05-31,0.20801325
2019-06-01,0.21062506250000002
2019-06-02,0.216351225
2019-06-03,0.2189038625
2019-06-04,0.2276694875
2019-06-05,0.2288861625
2019-06-06,0.225176825
2019-06-07,0.22326595
2019-06-08,0.2247616
2019-06-09,0.2274613875
2019-06-10,0.2253229
2019-06-11,0.220699125
2019-06-12,0.217184975
2019-06-13,0.228094675
2019-06-14,0.2493705625
2019-06-15,0.25726615
2019-06-16,0.2679652875
2019-06-17,0.25674215
2019-06-18,0.2576312625
2019-06-19,0.262977875
2019-06-20,0.2630681
2019-06-21,0.2599554375
2019-06-22,0.255000775
2019-06-23,0.249904875
2019-06-24,0.246243875
2019-06-25,0.243844575
2019-06-26,0.244298275
2019-06-27,0.24685461250000001
2019-06-28,0.25124585
2019-06-29,0.25059975
2019-06-30,0.2473979875
2019-07-01,0.24578505
2019-07-02,0.24480921249999998
2019-07-03,0.245136975
2019-07-04,0.2452903375
2019-07-05,0.2446678375
2019-07-06,0.2549325
2019-07-07,0.2815698625
2019-07-08,0.30467822499999997
2019-07-09,0.3379925125
2019-07-10,0.340265375
2019-07-11,0.3551988
2019-07-12,0.367244675
2019-07-13,0.37145507499999997
2019-07-14,0.3810873125
2019-07-15,0.37659595
2019-07-16,0.370381725
2019-07-17,0.36798332500000003
2019-07-18,0.3817019375
2019-07-19,0.3783849875
2019-07-20,0.3745177375
2019-07-21,0.36944092500000003
2019-07-22,0.36654985
2019-07-23,0.3704597625
2019-07-24,0.3682512625
2019-07-25,0.3738905125
2019-07-26,0.3783797625
2019-07-27,0.37789147500000003
2019-07-28,0.3736321125
2019-07-29,0.3714114875
2019-07-30,0.376369825
2019-07-31,0.3781642375
2019-08-01,0.37395895
2019-08-02,0.3702439625
2019-08-03,0.36900465
2019-08-04,0.3671430375
2019-08-05,0.37746905
2019-08-06,0.3786429375
2019-08-07,0.374791475
2019-08-08,0.3788768125
2019-08-09,0.3782868625
2019-08-10,0.3743659125
2019-08-11,0.3738263375
2019-08-12,0.3828125125
2019-08-13,0.3861488625
2019-08-14,0.398006075
2019-08-15,0.39726768749999997
2019-08-16,0.396709875
2019-08-17,0.393738925
2019-08-18,0.3899079375
2019-08-19,0.38665335
2019-08-20,0.383438825
2019-08-21,0.379937625
2019-08-22,0.3798132375
2019-08-23,0.38301615
2019-08-24,0.384704375
2019-08-25,0.3833561125
2019-08-26,0.380810525
2019-08-27,0.376308125
2019-08-28,0.3731280625
2019-08-29,0.3703192625
2019-08-30,0.3688023375
2019-08-31,0.3763965
2019-09-01,0.3792679875
2019-09-02,0.378402525
2019-09-03,0.377567225
2019-09-04,0.373767875
2019-09-05,0.3736314625
2019-09-06,0.370214725
2019-09-07,0.369557325
2019-09-08,0.3769927125
2019-09-09,0.378810425
2019-09-10,0.37675447500000003
2019-09-11,0.37540555
2019-09-12,0.386372425
2019-09-13,0.3893452125
2019-09-14,0.38476604999999997
2019-09-15,0.3806293
2019-09-16,0.3775324375
2019-09-17,0.37463443750000003
2019-09-18,0.37194391250000003
2019-09-19,0.3699834625
2019-09-20,0.3675637375
2019-09-21,0.365833175
2019-09-22,0.36626925
2019-09-23,0.3678904375
2019-09-24,0.37090885
2019-09-25,0.376184475
2019-09-26,0.37595365000000003
2019-09-27,0.3730380375
2019-09-28,0.372512275
2019-09-29,0.3724450875
2019-09-30,0.38127432499999997
2019-10-01,0.3871318125
2019-10-02,0.388281275
2019-10-03,0.3832489
2019-10-04,0.38026360000000003
2019-10-05,0.3772336
2019-10-06,0.378384675
2019-10-07,0.3769998875
2019-10-08,0.37499205
2019-10-09,0.3737509125
2019-10-10,0.3835332875
2019-10-11,0.3842803
2019-10-12,0.3793749
2019-10-13,0.3756081375
2019-10-14,0.372378975
2019-10-15,0.3695658375
2019-10-16,0.3675981125
2019-10-17,0.3650771875
2019-10-18,0.3622004375
2019-10-19,0.359551825
2019-10-20,0.3569708625
2019-10-21,0.354724275
2019-10-22,0.3527627875
2019-10-23,0.35130659999999997
2019-10-24,0.3511672375
2019-10-25,0.3565057875
2019-10-26,0.364277225
2019-10-27,0.360696575
2019-10-28,0.35704415
2019-10-29,0.3541034875
2019-10-30,0.3516859
2019-10-31,0.349504025
2019-11-01,0.34697725
2019-11-02,0.345111
2019-11-03,0.3429291875
2019-11-04,0.3410798125
2019-11-05,0.33924743749999997
2019-11-06,0.337754075
2019-11-07,0.3365167875
2019-11-08,0.344750975
2019-11-09,0.3523122125
2019-11-10,0.3622814625
2019-11-11,0.3641483125
2019-11-12,0.3581183375
2019-11-13,0.3544465
2019-11-14,0.3516171
2019-11-15,0.34943675
2019-11-16,0.3475461375
2019-11-17,0.34597465
2019-11-18,0.3445233
2019-11-19,0.3430974
2019-11-20,0.3417813125
2019-11-21,0.3402482125
2019-11-22,0.3389643125
2019-11-23,0.3374056875
2019-11-24,0.3359919375
2019-11-25,0.3344216625
2019-11-26,0.3327861375
2019-11-27,0.3310138625
2019-11-28,0.32941995
2019-11-29,0.32794505
2019-11-30,0.326526025
2019-12-01,0.3253157875
2019-12-02,0.324142525
2019-12-03,0.3227118875
2019-12-04,0.3215636
2019-12-05,0.3201157125
2019-12-06,0.3184580125
2019-12-07,0.3168231625
2019-12-08,0.315367825
2019-12-09,0.3143146
2019-12-10,0.3135184875
2019-12-11,0.312551675
2019-12-12,0.3115585
2019-12-13,0.3101362625
2019-12-14,0.3089673875
2019-12-15,0.3077408125
2019-12-16,0.30662955000000003
2019-12-17,0.305402925
2019-12-18,0.30444
2019-12-19,0.303502
2019-12-20,0.3026333875
2019-12-21,0.301701025
2019-12-22,0.30121805
2019-12-23,0.3001478875
2019-12-24,0.2988375625
2019-12-25,0.29746816249999997
2019-12-26,0.2963080875
2019-12-27,0.29803475
2019-12-28,0.2976631125
2019-12-29,0.2959677375
2019-12-30,0.29468177500000003
2019-12-31,0.2932772
2020-01-01,0.2923229625
2020-01-02,0.2917723875
2020-01-03,0.3090605
2020-01-04,0.3170152125
2020-01-05,0.311251475
2020-01-06,0.3073597
2020-01-07,0.3048361625
2020-01-08,0.3030528
2020-01-09,0.302163175
2020-01-10,0.301572725
2020-01-11,0.30021559999999997
2020-01-12,0.298893725
2020-01-13,0.2979826875
2020-01-14,0.2972797125
2020-01-15,0.295964775
2020-01-16,0.294549725
2020-01-17,0.293320675
2020-01-18,0.2917921375
2020-01-19,0.2905273125
2020-01-20,0.289538575
2020-01-21,0.2881986625
2020-01-22,0.286823
2020-01-23,0.285680175
2020-01-24,0.28440272499999997
2020-01-25,0.28321609999999997
2020-01-26,0.282277825
2020-01-27,0.281532575
2020-01-28,0.2805818375
2020-01-29,0.279963375
2020-01-30,0.2799618125
2020-01-31,0.2791502
2020-02-01,0.277837775
2020-02-02,0.2762626
2020-02-03,0.274505475
2020-02-04,0.2728921375
2020-02-05,0.2715993125
2020-02-06,0.2700685
2020-02-07,0.2685983875
2020-02-08,0.2678534875
2020-02-09,0.2676176875
2020-02-10,0.2665180125
2020-02-11,0.2648450875
2020-02-12,0.2630962875
2020-02-13,0.2617216
2020-02-14,0.260588425
2020-02-15,0.25929745
2020-02-16,0.258524775
2020-02-17,0.2573683375
2020-02-18,0.2559928875
2020-02-19,0.254615575
2020-02-20,0.2530698375
2020-02-21,0.251659625
2020-02-22,0.2499961375
2020-02-23,0.248342525
2020-02-24,0.2470155375
2020-02-25,0.2466713625
2020-02-26,0.24881957500000002
2020-02-27,0.2481023
2020-02-28,0.2455833625
2020-02-29,0.243414075
2020-03-01,0.2413380875
2020-03-02,0.239618625
2020-03-03,0.239360675
2020-03-04,0.24208554999999998
2020-03-05,0.2396285875
2020-03-06,0.238867775
2020-03-07,0.2377396125
2020-03-08,0.236111025
2020-03-09,0.2335062375
2020-03-10,0.2309118
2020-03-11,0.2285775875
2020-03-12,0.2265034625
2020-03-13,0.2243152125
2020-03-14,0.2220297
2020-03-15,0.2195680125
2020-03-16,0.217757
2020-03-17,0.216002475
2020-03-18,0.2143782
2020-03-19,0.212782425
2020-03-20,0.211642375
2020-03-21,0.21025015
2020-03-22,0.2094268375
2020-03-23,0.207910725
2020-03-24,0.2060271
2020-03-25,0.2043502375
2020-03-26,0.2027054875
2020-03-27,0.201167575
2020-03-28,0.199625
2020-03-29,0.1979233625
2020-03-30,0.1960025125
2020-03-31,0.19383699999999998
2020-04-01,0.1922921
2020-04-02,0.19265545
2020-04-03,0.1954420375
2020-04-04,0.1940061625
2020-04-05,0.194660575
2020-04-06,0.194780775
2020-04-07,0.1923588375
2020-04-08,0.1926167125
2020-04-09,0.1923171875
2020-04-10,0.19001985
2020-04-11,0.1878582625
2020-04-12,0.1858556
2020-04-13,0.1840829625
2020-04-14,0.1825378125
2020-04-15,0.182271225
2020-04-16,0.1824721875
2020-04-17,0.1828528625
2020-04-18,0.195143675
2020-04-19,0.2052371
2020-04-20,0.2050221875
2020-04-21,0.21129362499999998
2020-04-22,0.212950175
2020-04-23,0.21598230000000002
2020-04-24,0.2272773125
2020-04-25,0.234752825
2020-04-26,0.239348475
2020-04-27,0.2333158375
2020-04-28,0.2342763125
2020-04-29,0.2334247375
2020-04-30,0.233762475
2020-05-01,0.23619513749999999
2020-05-02,0.23521475
2020-05-03,0.23721138749999998
2020-05-04,0.23400365
2020-05-05,0.23022465
2020-05-06,0.2315420875
2020-05-07,0.2308453
2020-05-08,0.2271221375
2020-05-09,0.2231249125
2020-05-10,0.2197848
2020-05-11,0.2169311625
2020-05-12,0.2146285625
2020-05-13,0.2218029125
2020-05-14,0.2274195625
2020-05-15,0.22626545
2020-05-16,0.2250826125
2020-05-17,0.2204596
2020-05-18,0.2167430125
2020-05-19,0.220428425
2020-05-20,0.2546246875
2020-05-21,0.2545343
2020-05-22,0.24684111250000002
2020-05-23,0.2406824125
2020-05-24,0.236220275
2020-05-25,0.2339714875
2020-05-26,0.2318655125
2020-05-27,0.24396085
2020-05-28,0.262062125
2020-05-29,0.265978575
2020-05-30,0.27238265
2020-05-31,0.2670032875
2020-06-01,0.263879825
2020-06-02,0.262009
2020-06-03,0.2627621875
2020-06-04,0.2769689
2020-06-05,0.2842691875
2020-06-06,0.2835121875
2020-06-07,0.28264855
2020-06-08,0.2803281625
2020-06-09,0.2862885125
2020-06-10,0.2939841125
2020-06-11,0.29959657500000003
2020-06-12,0.30600933750000003
2020-06-13,0.3140603125
2020-06-14,0.3151978125
2020-06-15,0.3091562875
2020-06-16,0.3136767875
2020-06-17,0.332883425
2020-06-18,0.3448196375
2020-06-19,0.3462434
2020-06-20,0.3400246125
2020-06-21,0.339092475
2020-06-22,0.3383866125
2020-06-23,0.343663675
2020-06-24,0.3398976875
2020-06-25,0.3384461375
2020-06-26,0.336964125
2020-06-27,0.3523440375
2020-06-28,0.358408275
2020-06-29,0.3528842125
2020-06-30,0.3479742125
2020-07-01,0.344935125
2020-07-02,0.3438117125
2020-07-03,0.34255504999999997
2020-07-04,0.342513925
2020-07-05,0.3476415875
2020-07-06,0.34877395
2020-07-07,0.3452236875
2020-07-08,0.3527587375
2020-07-09,0.357551025
2020-07-10,0.3604767375
2020-07-11,0.3754487375
2020-07-12,0.3941271
2020-07-13,0.397022675
2020-07-14,0.3920914375
2020-07-15,0.388470025
2020-07-16,0.38459391249999997
2020-07-17,0.3814822875
2020-07-18,0.38346467500000003
2020-07-19,0.38729342499999997
2020-07-20,0.39451797499999997
2020-07-21,0.39488625
2020-07-22,0.3995212125
2020-07-23,0.40312835
2020-07-24,0.4013507
2020-07-25,0.3964889375
2020-07-26,0.3932128375
2020-07-27,0.3927156
2020-07-28,0.397614625
2020-07-29,0.3973768375
2020-07-30,0.3943309375
2020-07-31,0.39565675
2020-08-01,0.3983469875
2020-08-02,0.3986651625
2020-08-03,0.3984649375
2020-08-04,0.4007345
2020-08-05,0.3984962375
2020-08-06,0.396583675
2020-08-07,0.3962490375
2020-08-08,0.3937818375
2020-08-09,0.391054725
2020-08-10,0.387571775
2020-08-11,0.3879610875
2020-08-12,0.38608529999999996
2020-08-13,0.38253170000000003
2020-08-14,0.3805237
2020-08-15,0.384128175
2020-08-16,0.38823365
2020-08-17,0.3956699
2020-08-18,0.3945684625
2020-08-19,0.3997841375
2020-08-20,0.406851525
2020-08-21,0.4080057375
2020-08-22,0.4121927
2020-08-23,0.4107865
2020-08-24,0.4099686
2020-08-25,0.4097680875
2020-08-26,0.4062946125
2020-08-27,0.40403541249999997
2020-08-28,0.4015565625
2020-08-29,0.3984781375
2020-08-30,0.39531255
2020-08-31,0.397700925
2020-09-01,0.40031313749999997
2020-09-02,0.3978168125
2020-09-03,0.393679875
2020-09-04,0.3898482
2020-09-05,0.3871981125
2020-09-06,0.384312725
2020-09-07,0.380896475
2020-09-08,0.3785831625
2020-09-09,0.38102315000000003
2020-09-10,0.3822039625
2020-09-11,0.3797458125
2020-09-12,0.378369025
2020-09-13,0.37794285
2020-09-14,0.37647505000000003
2020-09-15,0.3827557625
2020-09-16,0.3817129
2020-09-17,0.3781034
2020-09-18,0.37466895
2020-09-19,0.3721311625
2020-09-20,0.37396195
2020-09-21,0.38130045
2020-09-22,0.39090199999999997
2020-09-23,0.3998205125
2020-09-24,0.4057307125
2020-09-25,0.4076310125
2020-09-26,0.40734165
2020-09-27,0.4056519625
2020-09-28,0.40196627500000004
2020-09-29,0.4008868
2020-09-30,0.4023106375
2020-10-01,0.40103690000000003
2020-10-02,0.39764662500000003
2020-10-03,0.395324625
2020-10-04,0.394376975
2020-10-05,0.3941467625
2020-10-06,0.39463064999999997
2020-10-07,0.3919244625
2020-10-08,0.3885189375
2020-10-09,0.3853784
2020-10-10,0.383048675
2020-10-11,0.3816925875
2020-10-12,0.381131825
2020-10-13,0.38168925
2020-10-14,0.3782147625
2020-10-15,0.3752403125
2020-10-16,0.3724958875
2020-10-17,0.37156285
2020-10-18,0.3845893875
2020-10-19,0.3816352125
2020-10-20,0.379101325
2020-10-21,0.378008525
2020-10-22,0.39871755
2020-10-23,0.41339715
2020-10-24,0.4148688
2020-10-25,0.4089220875
2020-10-26,0.405316825
2020-10-27,0.4024416
2020-10-28,0.39970412499999997
2020-10-29,0.397159475
2020-10-30,0.396792025
2020-10-31,0.4086119875
2020-11-01,0.405753775
2020-11-02,0.404546275
2020-11-03,0.4028577125
2020-11-04,0.4017940625
2020-11-05,0.3994913
2020-11-06,0.39680316250000003
2020-11-07,0.3943760625
2020-11-08,0.391968775
2020-11-09,0.38948479999999996
2020-11-10,0.386993575
2020-11-11,0.384521625
2020-11-12,0.382300525
2020-11-13,0.380074775
2020-11-14,0.377827325
2020-11-15,0.375586625
2020-11-16,0.37349102500000003
2020-11-17,0.37160889999999996
2020-11-18,0.3697326625
2020-11-19,0.367764925
2020-11-20,0.36595113749999997
2020-11-21,0.3662474375
2020-11-22,0.365851775
2020-11-23,0.3634383875
2020-11-24,0.36160865
2020-11-25,0.36054435
2020-11-26,0.35931172499999997
2020-11-27,0.3575835
2020-11-28,0.355804775
2020-11-29,0.35414105
2020-11-30,0.352511975
2020-12-01,0.350910725
2020-12-02,0.34934475
2020-12-03,0.3480817625
2020-12-04,0.3469739625
2020-12-05,0.346084675
2020-12-06,0.3452610375
2020-12-07,0.34430455
2020-12-08,0.3435117875
2020-12-09,0.3427923125
2020-12-10,0.341913
2020-12-11,0.3408735875
2020-12-12,0.3398435125
2020-12-13,0.3388649625
2020-12-14,0.337599775
2020-12-15,0.3361351875
2020-12-16,0.3348072125
2020-12-17,0.3335658125
2020-12-18,0.33227995
2020-12-19,0.3309075375
2020-12-20,0.3296660875
2020-12-21,0.3285214125
2020-12-22,0.3273633875
2020-12-23,0.326220725
2020-12-24,0.3252887
2020-12-25,0.324218975
2020-12-26,0.322967225
2020-12-27,0.3217783625
2020-12-28,0.320770975
2020-12-29,0.319714875
2020-12-30,0.3184576125
2020-12-31,0.3172791625
2021-01-01,0.31585966249999997
2021-01-02,0.31453431249999997
2021-01-03,0.3131625
2021-01-04,0.3118084625
2021-01-05,0.3104877875
2021-01-06,0.30929192499999997
2021-01-07,0.3081542875
2021-01-08,0.30697807499999996
2021-01-09,0.305871175
2021-01-10,0.30519945
2021-01-11,0.3043491875
2021-01-12,0.30318385
2021-01-13,0.3019524375
2021-01-14,0.301070275
2021-01-15,0.2999710625
2021-01-16,0.299119025
2021-01-17,0.298236875
2021-01-18,0.2975386375
2021-01-19,0.29687362500000003
2021-01-20,0.296518125
2021-01-21,0.2956182375
2021-01-22,0.2940690625
2021-01-23,0.292963825
2021-01-24,0.29196282500000004
2021-01-25,0.290666025
2021-01-26,0.289113025
2021-01-27,0.2879856125
2021-01-28,0.28662135
2021-01-29,0.2853349125
2021-01-30,0.2843535375
2021-01-31,0.283049625
2021-02-01,0.28194645
2021-02-02,0.2808434
2021-02-03,0.279698675
2021-02-04,0.2782574375
2021-02-05,0.2765857125
2021-02-06,0.2751046875
2021-02-07,0.2745301125
2021-02-08,0.2735294
2021-02-09,0.2720732625
2021-02-10,0.270368275
2021-02-11,0.26925058749999997
2021-02-12,0.2686201625
2021-02-13,0.267371075
2021-02-14,0.2661174625
2021-02-15,0.264976625
2021-02-16,0.26386054999999997
2021-02-17,0.26223976250000003
2021-02-18,0.2604643625
2021-02-19,0.2587936875
2021-02-20,0.257578475
2021-02-21,0.25649737499999997
2021-02-22,0.254584975
2021-02-23,0.2532490625
2021-02-24,0.251973325
2021-02-25,0.25085124999999997
2021-02-26,0.249524725
2021-02-27,0.248234
2021-02-28,0.246848625
2021-03-01,0.24527693750000001
2021-03-02,0.2433382625
2021-03-03,0.24198915
2021-03-04,0.2405782375
2021-03-05,0.239621
2021-03-06,0.2385761625
2021-03-07,0.2376187375
2021-03-08,0.2363263625
2021-03-09,0.23507155000000002
2021-03-10,0.234177775
2021-03-11,0.2324526125
2021-03-12,0.2304912875
2021-03-13,0.2283574625
2021-03-14,0.2263092625
2021-03-15,0.2238694625
2021-03-16,0.2218172125
2021-03-17,0.2194984875
2021-03-18,0.2175253625
2021-03-19,0.2156394625
2021-03-20,0.21457065
2021-03-21,0.213306725
2021-03-22,0.211433
2021-03-23,0.20906131249999999
2021-03-24,0.20763225
2021-03-25,0.20599025
2021-03-26,0.2040301375
2021-03-27,0.2025919875
2021-03-28,0.2015398125
2021-03-29,0.201783425
2021-03-30,0.20162365
2021-03-31,0.2012596875
2021-04-01,0.2009876875
2021-04-02,0.1995037
2021-04-03,0.19841105
2021-04-04,0.19716191249999998
2021-04-05,0.1953409
2021-04-06,0.19377295
2021-04-07,0.192175025
2021-04-08,0.1908115875
2021-04-09,0.18974560000000001
2021-04-10,0.1885003625
2021-04-11,0.1872607375
2021-04-12,0.1854534375
2021-04-13,0.18435223750000002
2021-04-14,0.1830372875
2021-04-15,0.18233545
2021-04-16,0.18282542499999999
2021-04-17,0.18458665
2021-04-18,0.18412971250000001
2021-04-19,0.1824161625
2021-04-20,0.18085415
2021-04-21,0.179638525
2021-04-22,0.1789264625
2021-04-23,0.177983525
2021-04-24,0.1764140375
2021-04-25,0.17496975
2021-04-26,0.173777875
2021-04-27,0.172745125
2021-04-28,0.171863875
2021-04-29,0.170905275
2021-04-30,0.17032585
2021-05-01,0.170057075
2021-05-02,0.1698859625
2021-05-03,0.17027905
2021-05-04,0.180772
2021-05-05,0.1865105875
2021-05-06,0.1798166
2021-05-07,0.177327975
2021-05-08,0.175292575
2021-05-09,0.1765830125
2021-05-10,0.1775675625
2021-05-11,0.1819389375
2021-05-12,0.18640365
2021-05-13,0.18616885
2021-05-14,0.18433585
2021-05-15,0.1826609
2021-05-16,0.1810780625
2021-05-17,0.179134225
2021-05-18,0.1819522125
2021-05-19,0.1840409
2021-05-20,0.1812898125
2021-05-21,0.1785898125
2021-05-22,0.17674395
2021-05-23,0.1779543625
2021-05-24,0.1910684375
2021-05-25,0.2011799625
2021-05-26,0.1957589
2021-05-27,0.19269185
2021-05-28,0.1898324125
2021-05-29,0.1872909375
2021-05-30,0.185539
2021-05-31,0.198975025
2021-06-01,0.23399599999999998
2021-06-02,0.245463525
2021-06-03,0.236622125
2021-06-04,0.23016875
2021-06-05,0.23180235
2021-06-06,0.2712081
2021-06-07,0.2942651625
2021-06-08,0.282089375
2021-06-09,0.27975825
2021-06-10,0.2769574
2021-06-11,0.2779452875
2021-06-12,0.27443255
2021-06-13,0.27337605
2021-06-14,0.27202088750000003
2021-06-15,0.2714613
2021-06-16,0.27571105
2021-06-17,0.283154075
2021-06-18,0.3015232
2021-06-19,0.3135316375
2021-06-20,0.31609485
2021-06-21,0.3163926
2021-06-22,0.311064275
2021-06-23,0.3063953
2021-06-24,0.303613425
2021-06-25,0.30270655
2021-06-26,0.3098826
2021-06-27,0.3102095375
2021-06-28,0.3121636125
2021-06-29,0.321370125
2021-06-30,0.3558334125
2021-07-01,0.3716366625
2021-07-02,0.36941495
2021-07-03,0.3671010625
2021-07-04,0.3655884875
2021-07-05,0.3636433375
2021-07-06,0.3652931625
2021-07-07,0.370383625
2021-07-08,0.3693021125
2021-07-09,0.3663919375
2021-07-10,0.369071925
2021-07-11,0.3761180375
2021-07-12,0.3824764125
2021-07-13,0.380052875
2021-07-14,0.3752432875
2021-07-15,0.3721435375
2021-07-16,0.3784363625
2021-07-17,0.3853783625
2021-07-18,0.38646855
2021-07-19,0.3913357125
2021-07-20,0.3903889125
2021-07-21,0.3872118625
2021-07-22,0.3857047625
2021-07-23,0.3927658125
2021-07-24,0.402128975
2021-07-25,0.39830791249999997
2021-07-26,0.3965206125
2021-07-27,0.39517769999999997
2021-07-28,0.4017107125
2021-07-29,0.4150532625
2021-07-30,0.4176185
2021-07-31,0.41430028750000003
2021-08-01,0.4124924375
2021-08-02,0.41172997499999997
2021-08-03,0.40979017500000003
2021-08-04,0.4069233625
2021-08-05,0.4048145875
2021-08-06,0.405761875
2021-08-07,0.4066066125
2021-08-08,0.407229975
2021-08-09,0.4050636
2021-08-10,0.4051914125
2021-08-11,0.4047407625
2021-08-12,0.405260275
2021-08-13,0.410154625
2021-08-14,0.409895025
2021-08-15,0.409054125
2021-08-16,0.41204965
2021-08-17,0.41724585
2021-08-18,0.41830885
2021-08-19,0.41745920000000003
2021-08-20,0.416171375
2021-08-21,0.4133553875
2021-08-22,0.4099139
2021-08-23,0.406604525
2021-08-24,0.40607448749999997
2021-08-25,0.4093551125
2021-08-26,0.41246735
2021-08-27,0.40845025
2021-08-28,0.40591652500000003
2021-08-29,0.4054527125
2021-08-30,0.4069039125
2021-08-31,0.40509517500000003
2021-09-01,0.4033713875
2021-09-02,0.4035894625
2021-09-03,0.401569475
2021-09-04,0.4021677375
2021-09-05,0.40722065
2021-09-06,0.4073025625
2021-09-07,0.4038023125
2021-09-08,0.40124645
2021-09-09,0.39818995
2021-09-10,0.3973415375
2021-09-11,0.3974313625
2021-09-12,0.3942796625
2021-09-13,0.3912982875
2021-09-14,0.3899918
2021-09-15,0.389182925
2021-09-16,0.39088175000000003
2021-09-17,0.3904369625
2021-09-18,0.39359055
2021-09-19,0.3985941125
2021-09-20,0.3994334375
2021-09-21,0.3977337875
2021-09-22,0.3956015875
2021-09-23,0.392556125
2021-09-24,0.3896075375
2021-09-25,0.387354325
2021-09-26,0.38842150000000003
2021-09-27,0.39302085
2021-09-28,0.3934441125
2021-09-29,0.39544695
2021-09-30,0.39198295
2021-10-01,0.3882152
2021-10-02,0.3873919625
2021-10-03,0.3854289375
2021-10-04,0.383391625
2021-10-05,0.38080793749999997
2021-10-06,0.37828612500000003
2021-10-07,0.37625095
2021-10-08,0.374832575
2021-10-09,0.37277553750000003
2021-10-10,0.370733975
2021-10-11,0.368054475
2021-10-12,0.373205275
2021-10-13,0.3844321375
2021-10-14,0.3789142875
2021-10-15,0.3816649125
2021-10-16,0.3883068
2021-10-17,0.3881434125
2021-10-18,0.39215205
2021-10-19,0.398982425
2021-10-20,0.4009825125
2021-10-21,0.39793713750000004
2021-10-22,0.394184125
2021-10-23,0.3911217
2021-10-24,0.38856925
2021-10-25,0.386202375
2021-10-26,0.3845331125
2021-10-27,0.3834601375
2021-10-28,0.38145236250000003
2021-10-29,0.3789226375
2021-10-30,0.376274675
2021-10-31,0.3737428625
2021-11-01,0.371059125
2021-11-02,0.3688487625
2021-11-03,0.3669272125
2021-11-04,0.36518855
2021-11-05,0.362874625
2021-11-06,0.3607127375
2021-11-07,0.358324825
2021-11-08,0.355935325
2021-11-09,0.3538842625
2021-11-10,0.351801775
2021-11-11,0.3500691125
2021-11-12,0.34842775
2021-11-13,0.3480082625
2021-11-14,0.349184375
2021-11-15,0.35059715
2021-11-16,0.3490468
2021-11-17,0.34656264999999997
2021-11-18,0.34433651249999997
2021-11-19,0.3425078625
2021-11-20,0.34087259999999997
2021-11-21,0.3394197
2021-11-22,0.3378410125
2021-11-23,0.3362230375
2021-11-24,0.33448666250000003
2021-11-25,0.332710275
2021-11-26,0.33111677500000003
2021-11-27,0.3295957
2021-11-28,0.3281348
2021-11-29,0.32671735
2021-11-30,0.32537535
2021-12-01,0.323756525
2021-12-02,0.3220869375
2021-12-03,0.3216395875
2021-12-04,0.327742625
2021-12-05,0.33728095
2021-12-06,0.354081175
2021-12-07,0.35316922500000003
2021-12-08,0.3474480375
2021-12-09,0.3465214125
2021-12-10,0.3466663125
2021-12-11,0.344024825
2021-12-12,0.34202201249999997
2021-12-13,0.340442475
2021-12-14,0.3389023
2021-12-15,0.3375496375
2021-12-16,0.3368858875
2021-12-17,0.3353070625
2021-12-18,0.33387125
2021-12-19,0.3326897125
2021-12-20,0.33147775
2021-12-21,0.330336925
2021-12-22,0.3292885875
2021-12-23,0.3282467875
2021-12-24,0.327507225
2021-12-25,0.3263938375
2021-12-26,0.3251893125
2021-12-27,0.3238983875
2021-12-28,0.3225146
2021-12-29,0.3211099375
2021-12-30,0.319751825
2021-12-31,0.318213125
2022-01-01,0.3167590875
2022-01-02,0.31550715
2022-01-03,0.3143537
2022-01-04,0.3131690125
2022-01-05,0.31184775
2022-01-06,0.3105862375
2022-01-07,0.309082525
2022-01-08,0.3075831375
2022-01-09,0.3063206125
2022-01-10,0.3051026
2022-01-11,0.30387247500000003
2022-01-12,0.30381055
2022-01-13,0.3045841125
2022-01-14,0.3041848375
2022-01-15,0.304866025
2022-01-16,0.30421155
2022-01-17,0.302123875
2022-01-18,0.3005965
2022-01-19,0.29954918750000004
2022-01-20,0.298548925
2022-01-21,0.29766145
2022-01-22,0.296699625
2022-01-23,0.295612925
2022-01-24,0.2955575875
2022-01-25,0.294410775
2022-01-26,0.2936844
2022-01-27,0.2930202
2022-01-28,0.2914260875
2022-01-29,0.289907525
2022-01-30,0.2887941625
2022-01-31,0.2879058
2022-02-01,0.2868727125
2022-02-02,0.2856970375
2022-02-03,0.284621225
2022-02-04,0.2844196375
2022-02-05,0.2908128875
2022-02-06,0.287431525
2022-02-07,0.2850076625
2022-02-08,0.282926
2022-02-09,0.2811468625
2022-02-10,0.2797264375
2022-02-11,0.27854568749999997
2022-02-12,0.2773005625
2022-02-13,0.27553855
2022-02-14,0.273907025
2022-02-15,0.27256936249999997
2022-02-16,0.2710156125
2022-02-17,0.269503025
2022-02-18,0.26817435
2022-02-19,0.2664936375
2022-02-20,0.26520533749999997
2022-02-21,0.26450095
2022-02-22,0.2626788625
2022-02-23,0.261084575
2022-02-24,0.26016095
2022-02-25,0.25842135
2022-02-26,0.2565024125
2022-02-27,0.2546049625
2022-02-28,0.25305143750000003
2022-03-01,0.2509713625
2022-03-02,0.24885707499999998
2022-03-03,0.2466925625
2022-03-04,0.2446181375
2022-03-05,0.2428630875
2022-03-06,0.240766925
2022-03-07,0.2390920625
2022-03-08,0.237719025
2022-03-09,0.2361284375
2022-03-10,0.234251925
2022-03-11,0.2321394625
2022-03-12,0.23001515
2022-03-13,0.22803361249999998
2022-03-14,0.2262082625
2022-03-15,0.2244217
2022-03-16,0.2225938875
2022-03-17,0.2205555125
2022-03-18,0.2185878375
2022-03-19,0.21714865
2022-03-20,0.2153329375
2022-03-21,0.2134674375
2022-03-22,0.211861075
2022-03-23,0.2103118
2022-03-24,0.20883921249999998
2022-03-25,0.2079471875
2022-03-26,0.20761095000000002
2022-03-27,0.2068064625
2022-03-28,0.206100425
2022-03-29,0.2055713125
2022-03-30,0.2047644
2022-03-31,0.20319645
2022-04-01,0.2019277625
2022-04-02,0.2006592375
2022-04-03,0.199376775
2022-04-04,0.1973192625
2022-04-05,0.1960059375
2022-04-06,0.19473525
2022-04-07,0.193639075
2022-04-08,0.1920685875
2022-04-09,0.190761375
2022-04-10,0.1896155
2022-04-11,0.1886698125
2022-04-12,0.1872882
2022-04-13,0.186089825
2022-04-14,0.1851388
2022-04-15,0.184453025
2022-04-16,0.1835918875
2022-04-17,0.1828393125
2022-04-18,0.1818519
2022-04-19,0.181593075
2022-04-20,0.19392489999999998
2022-04-21,0.1993669375
2022-04-22,0.204946125
2022-04-23,0.200773175
2022-04-24,0.19689995
2022-04-25,0.195040775
2022-04-26,0.1926746375
2022-04-27,0.1907725375
2022-04-28,0.1891268625
2022-04-29,0.1869784
2022-04-30,0.1849684875
2022-05-01,0.18435564999999998
2022-05-02,0.1869296875
2022-05-03,0.1930480875
2022-05-04,0.2052764375
2022-05-05,0.2022871375
2022-05-06,0.19993012500000001
2022-05-07,0.1972904
2022-05-08,0.19670864999999998
2022-05-09,0.217930775
2022-05-10,0.2375761125
2022-05-11,0.2450818375
2022-05-12,0.24714105
2022-05-13,0.2552106625
2022-05-14,0.2527518875
2022-05-15,0.2439087875
2022-05-16,0.2381819375
2022-05-17,0.23470655
2022-05-18,0.2322719
2022-05-19,0.23627925
2022-05-20,0.2360943625
2022-05-21,0.237408725
2022-05-22,0.2418832
2022-05-23,0.2403213125
2022-05-24,0.2439316875
2022-05-25,0.2510032875
2022-05-26,0.247069375
2022-05-27,0.249152625
2022-05-28,0.250431975
2022-05-29,0.2623379
2022-05-30,0.27257135
2022-05-31,0.2663836125
2022-06-01,0.2626805
2022-06-02,0.26184505
2022-06-03,0.2720031125
2022-06-04,0.2750616625
2022-06-05,0.2692334375
2022-06-06,0.266015525
2022-06-07,0.2696314
2022-06-08,0.27285021249999997
2022-06-09,0.2808668625
2022-06-10,0.2804693125
2022-06-11,0.2761037625
2022-06-12,0.27292315
2022-06-13,0.2757649
2022-06-14,0.2861282125
2022-06-15,0.3004320375
2022-06-16,0.2995848625
2022-06-17,0.310873575
2022-06-18,0.3318430875
2022-06-19,0.3553882
2022-06-20,0.369187825
2022-06-21,0.360430625
2022-06-22,0.35472573749999997
2022-06-23,0.35114883750000003
2022-06-24,0.349017075
2022-06-25,0.3466532625
2022-06-26,0.3434685125
2022-06-27,0.339660575
2022-06-28,0.3369738125
2022-06-29,0.34892705
2022-06-30,0.3584792125
2022-07-01,0.3611797375
2022-07-02,0.35437172499999997
2022-07-03,0.35005945
2022-07-04,0.3544609125
2022-07-05,0.356786675
2022-07-06,0.3568786875
2022-07-07,0.3532416
2022-07-08,0.3496661375
2022-07-09,0.34597907499999997
2022-07-10,0.3429818
2022-07-11,0.34063005
2022-07-12,0.33836185
2022-07-13,0.3352448375
2022-07-14,0.337806475
2022-07-15,0.337871875
2022-07-16,0.33497601250000003
2022-07-17,0.326859525
2022-07-18,0.3225345875
2022-07-19,0.3249535125
2022-07-20,0.3321962875
2022-07-21,0.3308903625
2022-07-22,0.3268924125
2022-07-23,0.33058755
2022-07-24,0.33074545
2022-07-25,0.3356735125
2022-07-26,0.337757825
2022-07-27,0.3428611875
2022-07-28,0.336964875
2022-07-29,0.3343639625
2022-07-30,0.3344203625
2022-07-31,0.33206125
2022-08-01,0.3315430875
2022-08-02,0.3463238
2022-08-03,0.3498145875
2022-08-04,0.34393785
2022-08-05,0.3437994875
2022-08-06,0.3471147625
2022-08-07,0.3448983375
2022-08-08,0.3444859375
2022-08-09,0.3430600375
2022-08-10,0.3398506625
2022-08-11,0.337248775
2022-08-12,0.3383910375
2022-08-13,0.3385635875
2022-08-14,0.3377458625
2022-08-15,0.3375201875
2022-08-16,0.3346668
2022-08-17,0.3313180375
2022-08-18,0.3341540125
2022-08-19,0.345137275
2022-08-20,0.3421105375
2022-08-21,0.3389009375
2022-08-22,0.3445078375
2022-08-23,0.35942655
2022-08-24,0.3507390875
2022-08-25,0.345449575
2022-08-26,0.3486973625
2022-08-27,0.3518925625
2022-08-28,0.349826675
2022-08-29,0.3452414625
2022-08-30,0.342006775
2022-08-31,0.3402628125
2022-09-01,0.338809825
2022-09-02,0.3456566
2022-09-03,0.349862175
2022-09-04,0.3488842
2022-09-05,0.35004155
2022-09-06,0.349397625
2022-09-07,0.3461713
2022-09-08,0.3465435375
2022-09-09,0.3567352125
2022-09-10,0.3661434125
2022-09-11,0.37651453749999997
2022-09-12,0.381253525
2022-09-13,0.3940156625
2022-09-14,0.392114525
2022-09-15,0.3885512875
2022-09-16,0.386663625
2022-09-17,0.3899697625
2022-09-18,0.39695864999999997
2022-09-19,0.3983835125
2022-09-20,0.3924669875
2022-09-21,0.388445675
2022-09-22,0.38584752499999997
2022-09-23,0.38533805
2022-09-24,0.385202
2022-09-25,0.38379091249999997
2022-09-26,0.3846703625
2022-09-27,0.3835828375
2022-09-28,0.3814357125
2022-09-29,0.3787811625
2022-09-30,0.3804276625
2022-10-01,0.395471
2022-10-02,0.4019093
2022-10-03,0.3990809625
2022-10-04,0.39903228749999997
2022-10-05,0.39940225
2022-10-06,0.3952292
2022-10-07,0.3923403125
2022-10-08,0.389531225
2022-10-09,0.38853668750000003
2022-10-10,0.388369575
2022-10-11,0.3856948375
2022-10-12,0.38278125
2022-10-13,0.3796956125
2022-10-14,0.3767399125
2022-10-15,0.3737842375
2022-10-16,0.36981200000000003
2022-10-17,0.36702932499999996
2022-10-18,0.3645606375
2022-10-19,0.360221525
2022-10-20,0.35744601249999997
2022-10-21,0.3546917125
2022-10-22,0.35200205
2022-10-23,0.3605012125
2022-10-24,0.3876188375
2022-10-25,0.3903611125
2022-10-26,0.3836314125
2022-10-27,0.378216175
2022-10-28,0.3749371
2022-10-29,0.3718679125
2022-10-30,0.3691836875
2022-10-31,0.36669215
2022-11-01,0.365134525
2022-11-02,0.362658775
2022-11-03,0.361132175
2022-11-04,0.3585235125
2022-11-05,0.356124975
2022-11-06,0.3532457625
2022-11-07,0.351327675
2022-11-08,0.3494187125
2022-11-09,0.3463744625
2022-11-10,0.344760925
2022-11-11,0.343196375
2022-11-12,0.3403243875
2022-11-13,0.3384370125
2022-11-14,0.3363640625
2022-11-15,0.3345917375
2022-11-16,0.33297648750000003
2022-11-17,0.3315590375
2022-11-18,0.3300916625
2022-11-19,0.3286507125
2022-11-20,0.326077075
2022-11-21,0.324288
2022-11-22,0.3232117875
2022-11-23,0.3220294875
2022-11-24,0.3206085
2022-11-25,0.3197416625
2022-11-26,0.31938022499999996
2022-11-27,0.3187374625
2022-11-28,0.315869375
2022-11-29,0.3143573625
2022-11-30,0.3130225125
2022-12-01,0.3115019
2022-12-02,0.3101257125
2022-12-03,0.3071655875
2022-12-04,0.3059188625
2022-12-05,0.3046224125
2022-12-06,0.303573825
2022-12-07,0.3024557375
2022-12-08,0.302376525
2022-12-09,0.301598725
2022-12-10,0.3006213625
2022-12-11,0.2995886125
2022-12-12,0.29976225
2022-12-13,0.2996852
2022-12-14,0.2974288875
2022-12-15,0.2969594
2022-12-16,0.2961421125
2022-12-17,0.2952077
2022-12-18,0.2940932
2022-12-19,0.29399783749999997
2022-12-20,0.29272
2022-12-21,0.2917060625
2022-12-22,0.2901623125
2022-12-23,0.2891044375
2022-12-24,0.28782935
2022-12-25,0.2871206125
2022-12-26,0.2864933875
2022-12-27,0.2849849375
2022-12-28,0.284996125
2022-12-29,0.284040425
2022-12-30,0.2834871125
2022-12-31,0.28268935
2023-01-01,0.28151425
2023-01-02,0.28046485
2023-01-03,0.2791829875
2023-01-04,0.2775919
2023-01-05,0.27809465
2023-01-06,0.278286325
2023-01-07,0.27665595
2023-01-08,0.2754641625
2023-01-09,0.2745764125
2023-01-10,0.2731299625
2023-01-11,0.2718892125
2023-01-12,0.271280025
2023-01-13,0.2706117625
2023-01-14,0.270159375
2023-01-15,0.2688289125
2023-01-16,0.267148075
2023-01-17,0.26714096249999997
2023-01-18,0.2661796125
2023-01-19,0.2650236875
2023-01-20,0.2651342625
2023-01-21,0.26514605
2023-01-22,0.2652574875
2023-01-23,0.2635934875
2023-01-24,0.2630975125
2023-01-25,0.2627345375
2023-01-26,0.2616404625
2023-01-27,0.2604741875
2023-01-28,0.26095765
2023-01-29,0.2596614125
2023-01-30,0.25825535
2023-01-31,0.2578337125
2023-02-01,0.25661495
2023-02-02,0.2562401375
2023-02-03,0.2548148375
2023-02-04,0.25361995
2023-02-05,0.2531397875
2023-02-06,0.25378055
2023-02-07,0.2540616625
2023-02-08,0.2522161625
2023-02-09,0.2510232875
2023-02-10,0.25111605
2023-02-11,0.2495233875
2023-02-12,0.2483691125
2023-02-13,0.24771071249999999
2023-02-14,0.245903675
2023-02-15,0.2446181875
2023-02-16,0.243643225
2023-02-17,0.2426343375
2023-02-18,0.24279075
2023-02-19,0.241550475
2023-02-20,0.2405559125
2023-02-21,0.24059516250000001
2023-02-22,0.2392440875
2023-02-23,0.2377680875
2023-02-24,0.2360940625
2023-02-25,0.2341900125
2023-02-26,0.2324883125
2023-02-27,0.2304835375
2023-02-28,0.22892165
2023-03-01,0.2269118125
2023-03-02,0.2256372125
2023-03-03,0.2244119125
2023-03-04,0.2229408625
2023-03-05,0.2211539125
2023-03-06,0.219895925
2023-03-07,0.218335275
2023-03-08,0.2169373
2023-03-09,0.2158719
2023-03-10,0.2153151125
2023-03-11,0.2136344125
2023-03-12,0.211752125
2023-03-13,0.20953865
2023-03-14,0.20938615
2023-03-15,0.20801935
2023-03-16,0.2068045125
2023-03-17,0.2061890375
2023-03-18,0.205287425
2023-03-19,0.2090639625
2023-03-20,0.2107376375
2023-03-21,0.2179621125
2023-03-22,0.21980397499999998
2023-03-23,0.2167449375
2023-03-24,0.21443305000000001
2023-03-25,0.2134989125
2023-03-26,0.21169425
2023-03-27,0.2106715625
2023-03-28,0.20922683749999998
2023-03-29,0.21111275000000002
2023-03-30,0.213155375
2023-03-31,0.2119563875
2023-04-01,0.2185363625
2023-04-02,0.2159149125
2023-04-03,0.2127788625
2023-04-04,0.2100023875
2023-04-05,0.2079359375
2023-04-06,0.206877275
2023-04-07,0.20572503749999999
2023-04-08,0.20318667499999998
2023-04-09,0.200897625
2023-04-10,0.200311575
2023-04-11,0.1989976375
2023-04-12,0.197516325
2023-04-13,0.194948825
2023-04-14,0.1933406
2023-04-15,0.19246455
2023-04-16,0.1917620375
2023-04-17,0.1906629375
2023-04-18,0.19015435
2023-04-19,0.1885099875
2023-04-20,0.1870023375
2023-04-21,0.1880789375
2023-04-22,0.1880324
2023-04-23,0.1863524125
2023-04-24,0.1849789625
2023-04-25,0.1835179625
2023-04-26,0.18287528749999998
2023-04-27,0.1843669125
2023-04-28,0.18780665
2023-04-29,0.1823073
2023-04-30,0.1803518
2023-05-01,0.1798989875
2023-05-02,0.1780862
2023-05-03,0.18144895
2023-05-04,0.179723125
2023-05-05,0.1793923625
2023-05-06,0.17855725
2023-05-07,0.1756251375
2023-05-08,0.174193425
2023-05-09,0.1729225
2023-05-10,0.171770975
2023-05-11,0.170950025
2023-05-12,0.170252325
2023-05-13,0.175133925
2023-05-14,0.1835132
2023-05-15,0.1669870625
2023-05-16,0.164966575
2023-05-17,0.173040875
2023-05-18,0.18293405000000001
2023-05-19,0.1821180875
2023-05-20,0.1814521875
2023-05-21,0.1808024875
2023-05-22,0.181201375
2023-05-23,0.1852412375
2023-05-24,0.1949252875
2023-05-25,0.19508016250000002
2023-05-26,0.1911155
2023-05-27,0.188570425
2023-05-28,0.1890092375
2023-05-29,0.186464925
2023-05-30,0.1844294
2023-05-31,0.184084725
2023-06-01,0.1838587625
2023-06-02,0.1810062375
2023-06-03,0.1797264125
2023-06-04,0.1786214875
2023-06-05,0.1785148875
2023-06-06,0.1801198625
2023-06-07,0.1854506625
2023-06-08,0.1929833625
2023-06-09,0.2279920125
2023-06-10,0.2363557125
2023-06-11,0.2504459875
2023-06-12,0.24854155
2023-06-13,0.241784375
2023-06-14,0.2358481375
2023-06-15,0.235873725
2023-06-16,0.23665215
2023-06-17,0.24271505
2023-06-18,0.25346875
2023-06-19,0.2740201
2023-06-20,0.275982075
2023-06-21,0.2725436375
2023-06-22,0.268393175
2023-06-23,0.26497225
2023-06-24,0.2618518875
2023-06-25,0.2589446125
2023-06-26,0.2604071125
2023-06-27,0.2865042375
2023-06-28,0.29239555
2023-06-29,0.2920867
2023-06-30,0.2989653
2023-07-01,0.2977644125
2023-07-02,0.29279365
2023-07-03,0.288832075
2023-07-04,0.2918699375
2023-07-05,0.29664225
2023-07-06,0.2935365125
2023-07-07,0.29043267500000003
2023-07-08,0.2885677875
2023-07-09,0.289502875
2023-07-10,0.2921443625
2023-07-11,0.2947628125
2023-07-12,0.2943614375
2023-07-13,0.2932403
2023-07-14,0.2931248125
2023-07-15,0.29190175
2023-07-16,0.29066512499999997
2023-07-17,0.2922796625
2023-07-18,0.29617435000000003
2023-07-19,0.29724245
2023-07-20,0.292417575
2023-07-21,0.29239950000000003
2023-07-22,0.2911781
2023-07-23,0.2904118875
2023-07-24,0.29772945
2023-07-25,0.3018843125
2023-07-26,0.296347425
2023-07-27,0.2927758375
2023-07-28,0.28980476250000003
2023-07-29,0.28801335
2023-07-30,0.2885257875
2023-07-31,0.292270025
2023-08-01,0.29810613750000003
2023-08-02,0.30282770000000003
2023-08-03,0.3177182
2023-08-04,0.3358974
2023-08-05,0.33923235
2023-08-06,0.3607679875
2023-08-07,0.381382225
2023-08-08,0.38586644999999997
2023-08-09,0.3782719625
2023-08-10,0.3767655
2023-08-11,0.3756489375
2023-08-12,0.3736083625
2023-08-13,0.3755869
2023-08-14,0.374302975
2023-08-15,0.376146225
2023-08-16,0.38617925
2023-08-17,0.3893534
2023-08-18,0.3854311125
2023-08-19,0.3806274
2023-08-20,0.3773567
2023-08-21,0.3777265375
2023-08-22,0.37793555
2023-08-23,0.3772140875
2023-08-24,0.3788711125
2023-08-25,0.380949725
2023-08-26,0.389446925
2023-08-27,0.3926476125
2023-08-28,0.3960854125
2023-08-29,0.3914804375
2023-08-30,0.391088725
2023-08-31,0.3972118625
2023-09-01,0.4025532125
2023-09-02,0.4023367
2023-09-03,0.4059051
2023-09-04,0.4014011125
2023-09-05,0.3977376
2023-09-06,0.397796825
2023-09-07,0.3982765875
2023-09-08,0.402995475
2023-09-09,0.4004681
2023-09-10,0.3982528625
2023-09-11,0.3988842
2023-09-12,0.3997107625
2023-09-13,0.39746555
2023-09-14,0.3955531
2023-09-15,0.392439825
2023-09-16,0.3890080375
2023-09-17,0.392292825
2023-09-18,0.4038870875
2023-09-19,0.40087645
2023-09-20,0.398481725
2023-09-21,0.39697886250000003
2023-09-22,0.3961257
2023-09-23,0.393344025
2023-09-24,0.39042365
2023-09-25,0.3876303
2023-09-26,0.3867299625
2023-09-27,0.3872886
2023-09-28,0.3870917125
2023-09-29,0.389276
2023-09-30,0.3862525375
2023-10-01,0.3839391125
2023-10-02,0.38115345
2023-10-03,0.3829460125
2023-10-04,0.39306145
2023-10-05,0.4008142
2023-10-06,0.3989814125
2023-10-07,0.394362625
2023-10-08,0.39251247499999997
2023-10-09,0.39044246250000003
2023-10-10,0.3876521375
2023-10-11,0.3846219875
2023-10-12,0.3831943625
2023-10-13,0.3810642
2023-10-14,0.3778732875
2023-10-15,0.37477062499999997
2023-10-16,0.37193292499999997
2023-10-17,0.36897615
2023-10-18,0.36618535
2023-10-19,0.3626130625
2023-10-20,0.360165425
2023-10-21,0.3577036
2023-10-22,0.3549490375
2023-10-23,0.3575106
2023-10-24,0.37586033750000003
2023-10-25,0.36975715
2023-10-26,0.3649817
2023-10-27,0.362907025
2023-10-28,0.3599489875
2023-10-29,0.357374925
2023-10-30,0.3542111625
2023-10-31,0.351929875
2023-11-01,0.3492858
2023-11-02,0.347232125
2023-11-03,0.3454282625
2023-11-04,0.342163325
2023-11-05,0.3413434875
2023-11-06,0.3401468875
2023-11-07,0.3373249375
2023-11-08,0.33543378749999997
2023-11-09,0.333781175
2023-11-10,0.3323673875
2023-11-11,0.3308608375
2023-11-12,0.329583075
2023-11-13,0.3273151875
2023-11-14,0.32516405
2023-11-15,0.3236513
2023-11-16,0.33490625
2023-11-17,0.362369575
2023-11-18,0.359669475
2023-11-19,0.3536173875
2023-11-20,0.3507351875
2023-11-21,0.3492644125
2023-11-22,0.3480060875
2023-11-23,0.3469080375
2023-11-24,0.34551102499999997
2023-11-25,0.34428295
2023-11-26,0.3430563
2023-11-27,0.3416676
2023-11-28,0.338886775
2023-11-29,0.3380796
2023-11-30,0.3371091625
2023-12-01,0.3358024875
2023-12-02,0.3345378875
2023-12-03,0.3334829875
2023-12-04,0.3330729
2023-12-05,0.3343655375
2023-12-06,0.3351259125
2023-12-07,0.3412763
2023-12-08,0.3401593125
2023-12-09,0.3375555125
2023-12-10,0.3357512875
2023-12-11,0.334279125
2023-12-12,0.33327572499999997
2023-12-13,0.3322112375
2023-12-14,0.33012865
2023-12-15,0.32955978750000003
2023-12-16,0.3288456375
2023-12-17,0.327316875
2023-12-18,0.3259896875
2023-12-19,0.3250305
2023-12-20,0.32324552500000003
2023-12-21,0.32183215
2023-12-22,0.320923575
2023-12-23,0.31889815
2023-12-24,0.31723765
2023-12-25,0.316171125
2023-12-26,0.3153716625
2023-12-27,0.3143449625
2023-12-28,0.312582975
2023-12-29,0.3109855375
2023-12-30,0.3105223875
2023-12-31,0.307907325
2024-01-01,0.3058524875
2024-01-02,0.303567075
2024-01-03,0.3025567375
2024-01-04,0.3019185625
2024-01-05,0.3000046125
2024-01-06,0.298382575
2024-01-07,0.2958981875
2024-01-08,0.294755525
2024-01-09,0.2937745625
2024-01-10,0.2918879125
2024-01-11,0.29093467500000003
2024-01-12,0.29060025
2024-01-13,0.2892405375
2024-01-14,0.2879932
2024-01-15,0.2873726
2024-01-16,0.2867461375
2024-01-17,0.2859917875
2024-01-18,0.2846270625
2024-01-19,0.2827442
2024-01-20,0.2827554125
2024-01-21,0.280963775
2024-01-22,0.27925055
2024-01-23,0.27777443749999997
2024-01-24,0.276997375
2024-01-25,0.277406225
2024-01-26,0.2757046875
2024-01-27,0.2737038875
2024-01-28,0.272743975
2024-01-29,0.2714239375
2024-01-30,0.270331875
2024-01-31,0.270677625
2024-02-01,0.2697658125
2024-02-02,0.27065875
2024-02-03,0.2665513
2024-02-04,0.2648629
2024-02-05,0.2636315875
2024-02-06,0.2623965625
2024-02-07,0.2613701125
2024-02-08,0.2588801375
2024-02-09,0.2578471875
2024-02-10,0.25685795
2024-02-11,0.2557751875
2024-02-12,0.2551189625
2024-02-13,0.2554155125
2024-02-14,0.2548428875
2024-02-15,0.2560866125
2024-02-16,0.252559425
2024-02-17,0.2510569375
2024-02-18,0.2495257875
2024-02-19,0.2480891
2024-02-20,0.2471190875
2024-02-21,0.2483900375
2024-02-22,0.2483836375
2024-02-23,0.2503325125
2024-02-24,0.2481585375
2024-02-25,0.2459293375
2024-02-26,0.24337965
2024-02-27,0.2419438125
2024-02-28,0.239099625
2024-02-29,0.2377875625
2024-03-01,0.2359694875
2024-03-02,0.234063025
2024-03-03,0.2318300125
2024-03-04,0.2308984625
2024-03-05,0.2293868875
2024-03-06,0.2265334875
2024-03-07,0.2244773625
2024-03-08,0.223779
2024-03-09,0.2213292875
2024-03-10,0.2191129625
2024-03-11,0.2176498125
2024-03-12,0.215775925
2024-03-13,0.214252
2024-03-14,0.2144210375
2024-03-15,0.21611305
2024-03-16,0.214422675
2024-03-17,0.210999
2024-03-18,0.2080350125
2024-03-19,0.2075914
2024-03-20,0.2087127875
2024-03-21,0.209745725
2024-03-22,0.206705675
2024-03-23,0.2060699625
2024-03-24,0.210433275
2024-03-25,0.21262319999999998
2024-03-26,0.2106657125
2024-03-27,0.2089645375
2024-03-28,0.21665435
2024-03-29,0.2175492375
2024-03-30,0.2097378625
2024-03-31,0.2110525
2024-04-01,0.20922805
2024-04-02,0.206267475
2024-04-03,0.2034955625
2024-04-04,0.1995823625
2024-04-05,0.1984942
2024-04-06,0.1970768875
2024-04-07,0.1960311
2024-04-08,0.1960745625
2024-04-09,0.1948849625
2024-04-10,0.192943025
2024-04-11,0.1911635125
2024-04-12,0.1887776375
2024-04-13,0.1878469875
2024-04-14,0.1869188625
2024-04-15,0.1838679375
2024-04-16,0.185953325
2024-04-17,0.186658725
2024-04-18,0.1870594625
2024-04-19,0.1839889
2024-04-20,0.180664925
2024-04-21,0.1795603
2024-04-22,0.1787575625
2024-04-23,0.1767493875
2024-04-24,0.17548740000000002
2024-04-25,0.1742320125
2024-04-26,0.1733688625
2024-04-27,0.172647425
2024-04-28,0.1713313
2024-04-29,0.1705947625
2024-04-30,0.169864825
2024-05-01,0.16898325
2024-05-02,0.17559965
2024-05-03,0.1782538625
2024-05-04,0.1759873625
2024-05-05,0.17330065
2024-05-06,0.2165464125
2024-05-07,0.2462845125
2024-05-08,0.226615175
2024-05-09,0.2132104125
2024-05-10,0.2079701625
2024-05-11,0.20678725
2024-05-12,0.2052896625
2024-05-13,0.20298535
2024-05-14,0.199709875
2024-05-15,0.1976993
2024-05-16,0.19589145
2024-05-17,0.19457164999999998
2024-05-18,0.1984346625
2024-05-19,0.2031160125
2024-05-20,0.20796314999999999
2024-05-21,0.2076867
2024-05-22,0.20234655000000001
2024-05-23,0.19946524999999998
2024-05-24,0.1966554625
2024-05-25,0.197262725
2024-05-26,0.211159075
2024-05-27,0.24969175
2024-05-28,0.2734469125
2024-05-29,0.2630673875
2024-05-30,0.25423901250000003
2024-05-31,0.24747645000000001
2024-06-01,0.2421605375
2024-06-02,0.2375667875
2024-06-03,0.238032475
2024-06-04,0.2380760875
2024-06-05,0.2345109125
2024-06-06,0.2326130125
2024-06-07,0.2376102
2024-06-08,0.2437517125
2024-06-09,0.247446475
2024-06-10,0.2553266875
2024-06-11,0.2550185625
2024-06-12,0.260532225
2024-06-13,0.2809857125
2024-06-14,0.290874975
2024-06-15,0.2873856875
2024-06-16,0.2900834625
2024-06-17,0.284482525
2024-06-18,0.2900364375
2024-06-19,0.307537225
2024-06-20,0.3089522375
2024-06-21,0.30316585
2024-06-22,0.2980643625
2024-06-23,0.2950503125
2024-06-24,0.294562125
2024-06-25,0.2929827125
2024-06-26,0.2994937125
2024-06-27,0.3085100625
2024-06-28,0.3025172625
2024-06-29,0.31914173749999997
2024-06-30,0.33735591249999997
2024-07-01,0.356169525
2024-07-02,0.3715420625
2024-07-03,0.3692133875
2024-07-04,0.368888075
2024-07-05,0.37296443749999997
2024-07-06,0.37057493750000003
2024-07-07,0.3720682875
2024-07-08,0.3757030125
2024-07-09,0.378675675
2024-07-10,0.37726245
2024-07-11,0.3771611875
2024-07-12,0.3769304875
2024-07-13,0.3734678875
2024-07-14,0.3706680375
2024-07-15,0.3709465375
2024-07-16,0.369012275
2024-07-17,0.3670914
2024-07-18,0.36356225
2024-07-19,0.361624825
2024-07-20,0.36095513749999997
2024-07-21,0.36138005
2024-07-22,0.3673594375
2024-07-23,0.3694462625
2024-07-24,0.3656963125
2024-07-25,0.3611400375
2024-07-26,0.3574947625
2024-07-27,0.3556986
2024-07-28,0.3520987125
2024-07-29,0.351132675
2024-07-30,0.3569148125
2024-07-31,0.3664152125
2024-08-01,0.396477625
2024-08-02,0.4138567125
2024-08-03,0.4158650125
2024-08-04,0.4129044
2024-08-05,0.4089393625
2024-08-06,0.40642905
2024-08-07,0.405927325
2024-08-08,0.4060641625
2024-08-09,0.40566959999999996
2024-08-10,0.4073919125
2024-08-11,0.4109741625
2024-08-12,0.41042069999999997
2024-08-13,0.4089515
2024-08-14,0.4071185625
2024-08-15,0.4046998125
2024-08-16,0.40736408749999997
2024-08-17,0.417551075
2024-08-18,0.4176394
2024-08-19,0.4238375375
2024-08-20,0.42537765
2024-08-21,0.4258009875
2024-08-22,0.4271678
2024-08-23,0.424743975
2024-08-24,0.4221255
2024-08-25,0.421548825
2024-08-26,0.422210375
2024-08-27,0.4206257
2024-08-28,0.41844169999999997
2024-08-29,0.4167693
2024-08-30,0.4148118625
2024-08-31,0.41289355
2024-09-01,0.410267275
2024-09-02,0.41109473750000003
2024-09-03,0.410291
2024-09-04,0.4070517
2024-09-05,0.4053867625
2024-09-06,0.407826275
2024-09-07,0.4077535625
2024-09-08,0.4038253125
2024-09-09,0.39972284999999996
2024-09-10,0.3966241875
2024-09-11,0.4023189625
2024-09-12,0.404935125
2024-09-13,0.4037154625
2024-09-14,0.4117423375
2024-09-15,0.412088825
2024-09-16,0.4091678
2024-09-17,0.4046005375
2024-09-18,0.4015120625
2024-09-19,0.399797
2024-09-20,0.4021813375
2024-09-21,0.4105164875
2024-09-22,0.408568225
2024-09-23,0.4059338125
2024-09-24,0.4068256625
2024-09-25,0.41144565
2024-09-26,0.4095818375
2024-09-27,0.40627108749999996
2024-09-28,0.4026150625
2024-09-29,0.3992720375
2024-09-30,0.39704275
2024-10-01,0.3975044375
2024-10-02,0.4007892625
2024-10-03,0.40551906249999997
2024-10-04,0.403586375
2024-10-05,0.4049957125
2024-10-06,0.40364893749999997
2024-10-07,0.4004440875
2024-10-08,0.397311425
2024-10-09,0.3960705375
2024-10-10,0.3948228875
2024-10-11,0.3918916125
2024-10-12,0.389178775
2024-10-13,0.3864880875
2024-10-14,0.3845192125
2024-10-15,0.3823247375
2024-10-16,0.3795857875
2024-10-17,0.377266125
2024-10-18,0.3751098125
2024-10-19,0.3721172375
2024-10-20,0.3693314875
2024-10-21,0.36603625
2024-10-22,0.364290525
2024-10-23,0.366879925
2024-10-24,0.372518825
2024-10-25,0.3700056875
2024-10-26,0.3668140875
2024-10-27,0.36299421249999997
2024-10-28,0.359819
2024-10-29,0.3576901125
2024-10-30,0.356104875
2024-10-31,0.35467658750000003
2024-11-01,0.3523434
2024-11-02,0.3500439
2024-11-03,0.3486516
2024-11-04,0.34666502499999996
2024-11-05,0.3467757375
2024-11-06,0.3497260375
2024-11-07,0.3459142125
2024-11-08,0.3428766625
2024-11-09,0.339334625
2024-11-10,0.3373029625
2024-11-11,0.337008975
2024-11-12,0.333090275
2024-11-13,0.3299623875
2024-11-14,0.3283087
2024-11-15,0.3264000625
2024-11-16,0.3244828375
2024-11-17,0.3190176375
2024-11-18,0.317892725
2024-11-19,0.3174763
2024-11-20,0.31469423750000003
2024-11-21,0.312321525
2024-11-22,0.3114095375
2024-11-23,0.3091730375
2024-11-24,0.30709025
2024-11-25,0.3015835625
2024-11-26,0.301470225
2024-11-27,0.301760175
2024-11-28,0.3000258125
2024-11-29,0.298821275
2024-11-30,0.3002441125
2024-12-01,0.299832525
2024-12-02,0.29745445
2024-12-03,0.293745625
2024-12-04,0.292353425
2024-12-05,0.2925087875
2024-12-06,0.2911615625
2024-12-07,0.2895766375
2024-12-08,0.2884565625
2024-12-09,0.287284475
2024-12-10,0.2861675875
2024-12-11,0.2841978375
2024-12-12,0.2828223125
2024-12-13,0.283139725
2024-12-14,0.2821707875
2024-12-15,0.280912475
2024-12-16,0.27849285
2024-12-17,0.2777125875
2024-12-18,0.27662845
2024-12-19,0.2746476
2024-12-20,0.2753945
2024-12-21,0.2851154375
2024-12-22,0.281645125
2024-12-23,0.276958775
2024-12-24,0.2762801875
2024-12-25,0.2746735625
2024-12-26,0.2726625875
2024-12-27,0.2666149625
2024-12-28,0.2660682
2024-12-29,0.2664665
2024-12-30,0.2654349125
2024-12-31,0.26466635
2025-01-01,0.263058475
2025-01-02,0.2624353125
2025-01-03,0.2618677625
2025-01-04,0.259563375
2025-01-05,0.2592169125
2025-01-06,0.2612246
2025-01-07,0.258988075
2025-01-08,0.2573585375
2025-01-09,0.257555425
2025-01-10,0.25648515
2025-01-11,0.25511615
2025-01-12,0.2530702625
2025-01-13,0.2520846625
2025-01-14,0.2513787375
2025-01-15,0.250117075
2025-01-16,0.2486604875
2025-01-17,0.2482383875
2025-01-18,0.2477109125
2025-01-19,0.2468940625
2025-01-20,0.2450307
2025-01-21,0.245271725
2025-01-22,0.2465803
2025-01-23,0.2450966375
2025-01-24,0.2437082375
2025-01-25,0.24398415
2025-01-26,0.243311475
2025-01-27,0.24267377499999998
2025-01-28,0.2407673125
2025-01-29,0.2403631375
2025-01-30,0.239463475
2025-01-31,0.2383258125
2025-02-01,0.237509625
2025-02-02,0.2372949125
2025-02-03,0.2365129625
2025-02-04,0.23544571250000002
2025-02-05,0.2341778625
2025-02-06,0.2330791125
2025-02-07,0.23213865
2025-02-08,0.2305454625
2025-02-09,0.229269875
2025-02-10,0.22887745
2025-02-11,0.2285338625
2025-02-12,0.2280837125
2025-02-13,0.22518605
2025-02-14,0.2237612125
2025-02-15,0.2227101125
2025-02-16,0.2203404125
2025-02-17,0.2183418375
2025-02-18,0.2186980375
2025-02-19,0.21860380000000001
2025-02-20,0.2189505375
2025-02-21,0.214004875
2025-02-22,0.2127999
2025-02-23,0.2130811125
2025-02-24,0.21155235
2025-02-25,0.20967395
2025-02-26,0.20894495
2025-02-27,0.207698425
2025-02-28,0.2062836125
2025-03-01,0.2034695875
2025-03-02,0.2028472
2025-03-03,0.2014826
2025-03-04,0.200084825
2025-03-05,0.19868065000000001
2025-03-06,0.1979572
2025-03-07,0.1961419
2025-03-08,0.1946
2025-03-09,0.1925154375
2025-03-10,0.19127375
2025-03-11,0.190550825
2025-03-12,0.1895678375
2025-03-13,0.188902875
2025-03-14,0.18736195
2025-03-15,0.186583175
2025-03-16,0.1857341
2025-03-17,0.18453545
2025-03-18,0.1843822625
2025-03-19,0.1836427375
2025-03-20,0.182309725
2025-03-21,0.182523225
2025-03-22,0.179904975
2025-03-23,0.1790539
2025-03-24,0.1774671875
2025-03-25,0.176555725
2025-03-26,0.1755961
2025-03-27,0.1745367
2025-03-28,0.17345205
2025-03-29,0.172452675
2025-03-30,0.17152395
2025-03-31,0.17046624999999999
2025-04-01,0.1694363125
2025-04-02,0.1684944875
2025-04-03,0.167930475
2025-04-04,0.1674441375
2025-04-05,0.166981025
2025-04-06,0.16646995
2025-04-07,0.16465103749999999
2025-04-08,0.1639732625
2025-04-09,0.163344
2025-04-10,0.1622587875
2025-04-11,0.162071425
2025-04-12,0.160774925
2025-04-13,0.160031275
2025-04-14,0.15932735
2025-04-15,0.1579418625
2025-04-16,0.158266725
2025-04-17,0.161054525
2025-04-18,0.1595034625
2025-04-19,0.1622565125
2025-04-20,0.1662207375
2025-04-21,0.17018275
2025-04-22,0.167707825
2025-04-23,0.1671296
2025-04-24,0.1662341125
2025-04-25,0.165125525
2025-04-26,0.1631483375
2025-04-27,0.1649435125
2025-04-28,0.1661275125
2025-04-29,0.18056895
2025-04-30,0.1747648125
2025-05-01,0.1755268125
2025-05-02,0.174031575
2025-05-03,0.1717718125
2025-05-04,0.1694163
2025-05-05,0.167531325
2025-05-06,0.1663436375
2025-05-07,0.1651092375
2025-05-08,0.1642219875
2025-05-09,0.1639393875
2025-05-10,0.1645897125
2025-05-11,0.1638072625
2025-05-12,0.1637448125
2025-05-13,0.166396775
2025-05-14,0.170686825
2025-05-15,0.1695264875
2025-05-16,0.1656444125
2025-05-17,0.1698595875
2025-05-18,0.1805408875
2025-05-19,0.1786004125
2025-05-20,0.1912787125
2025-05-21,0.2058117
2025-05-22,0.209435875
2025-05-23,0.2043462875
2025-05-24,0.202716075
2025-05-25,0.201488775
2025-05-26,0.2070284125
2025-05-27,0.2159878125
2025-05-28,0.2177779375
2025-05-29,0.2552095875
2025-05-30,0.2863453125
2025-05-31,0.27470025
2025-06-01,0.2807423375
2025-06-02,0.280655625
2025-06-03,0.2803075875
2025-06-04,0.2799210875
2025-06-05,0.273843725
2025-06-06,0.2715777625
2025-06-07,0.2700061625
2025-06-08,0.26622060000000003
2025-06-09,0.2633327
2025-06-10,0.267211925
2025-06-11,0.2773269375
2025-06-12,0.27696485
2025-06-13,0.27257065
2025-06-14,0.270938875
2025-06-15,0.275168575
2025-06-16,0.2762361875
2025-06-17,0.2931122625
2025-06-18,0.3096985875
2025-06-19,0.321929
2025-06-20,0.3262841375
2025-06-21,0.3271791
2025-06-22,0.320619975
2025-06-23,0.319468825
2025-06-24,0.315616775
2025-06-25,0.313995675
2025-06-26,0.3120637125
2025-06-27,0.3137513125
2025-06-28,0.31096619999999997
2025-06-29,0.3092469625
2025-06-30,0.3071736375
2025-07-01,0.30744255
2025-07-02,0.3037155375
2025-07-03,0.30022345
2025-07-04,0.30037376250000003
2025-07-05,0.3015451
2025-07-06,0.30526215
2025-07-07,0.3158315875
2025-07-08,0.359400375
2025-07-09,0.3802417125
2025-07-10,0.3756816
2025-07-11,0.37007445
2025-07-12,0.3684181875
2025-07-13,0.37533533750000003
2025-07-14,0.38357285
2025-07-15,0.380497025
2025-07-16,0.37746881250000003
2025-07-17,0.3777532125
2025-07-18,0.37676458749999997
2025-07-19,0.3772502125
2025-07-20,0.3806236375
2025-07-21,0.3835289625
2025-07-22,0.38008427499999997
2025-07-23,0.3827166625
2025-07-24,0.3950682375
2025-07-25,0.39421485
2025-07-26,0.3917457
2025-07-27,0.39500845
2025-07-28,0.396497175
2025-07-29,0.3974260125
2025-07-30,0.3966815625
2025-07-31,0.3994663
2025-08-01,0.3981684625
2025-08-02,0.3970246125
2025-08-03,0.3985872625
2025-08-04,0.3986657875
2025-08-05,0.40025541249999996
2025-08-06,0.400184975
2025-08-07,0.39838281249999996
2025-08-08,0.3988177125
2025-08-09,0.3953437875
2025-08-10,0.3920651
2025-08-11,0.38878843750000003
2025-08-12,0.387115025
2025-08-13,0.3926180375
2025-08-14,0.3906357625
2025-08-15,0.39086339999999997
2025-08-16,0.393144525
2025-08-17,0.39611881250000003
2025-08-18,0.3958187875
2025-08-19,0.3929252875
2025-08-20,0.390456125
2025-08-21,0.3911302
2025-08-22,0.390424475
2025-08-23,0.39343155
2025-08-24,0.3932605875
2025-08-25,0.38857355
2025-08-26,0.386118875
2025-08-27,0.38582345
2025-08-28,0.3840781375
2025-08-29,0.3820028375
2025-08-30,0.3818945875
2025-08-31,0.3836289625
2025-09-01,0.37836175
2025-09-02,0.3761414625
2025-09-03,0.374607175
2025-09-04,0.3750150625
2025-09-05,0.3744354875
2025-09-06,0.374221075
2025-09-07,0.3794982875
2025-09-08,0.3816149
2025-09-09,0.3813161875
2025-09-10,0.3793715
2025-09-11,0.3791083375
2025-09-12,0.382804925
2025-09-13,0.3863999875
2025-09-14,0.388668775
2025-09-15,0.38855035
2025-09-16,0.38737967500000003
2025-09-17,0.384642
2025-09-18,0.3806875875
2025-09-19,0.3824363375
2025-09-20,0.3851867625
2025-09-21,0.3847898375
2025-09-22,0.39367989999999997
2025-09-23,0.388545625
2025-09-24,0.386762775
2025-09-25,0.384726275
2025-09-26,0.3812660625
2025-09-27,0.37849035
2025-09-28,0.376243675
2025-09-29,0.3737633125
2025-09-30,0.376528225
2025-10-01,0.387673325
2025-10-02,0.3914428375
2025-10-03,0.390139
2025-10-04,0.3850025875
2025-10-05,0.3834519125
2025-10-06,0.3824775625
2025-10-07,0.3800705875
2025-10-08,0.377260025
2025-10-09,0.3759549375
2025-10-10,0.3755761
2025-10-11,0.375296575
2025-10-12,0.3728815625
2025-10-13,0.3688055875
2025-10-14,0.3660534
2025-10-15,0.3633929875
2025-10-16,0.3605566625
2025-10-17,0.35837955
2025-10-18,0.35596405
2025-10-19,0.3516171125
2025-10-20,0.3481182375
2025-10-21,0.3452645625
2025-10-22,0.3416401875
2025-10-23,0.3384716375
2025-10-24,0.33650005
2025-10-25,0.3354216375
2025-10-26,0.3340102
2025-10-27,0.3293535
2025-10-28,0.325936475
2025-10-29,0.3236288125
2025-10-30,0.3231855
2025-10-31,0.321779425
2025-11-01,0.3184288875
2025-11-02,0.318708425
2025-11-03,0.3178156
2025-11-04,0.31368835
2025-11-05,0.3192947125
2025-11-06,0.315089675
2025-11-07,0.311658125
2025-11-08,0.30852655
2025-11-09,0.30393983750000003
2025-11-10,0.30485045
2025-11-11,0.30487960000000003
2025-11-12,0.300087725
2025-11-13,0.2979306625
2025-11-14,0.297636525
2025-11-15,0.2956438
2025-11-16,0.29366975
2025-11-17,0.2908058875
2025-11-18,0.29061305
2025-11-19,0.28985655
2025-11-20,0.2878305625
2025-11-21,0.2848497625
2025-11-22,0.2838724875
2025-11-23,0.28293045
2025-11-24,0.28165138749999996
2025-11-25,0.2813178875
2025-11-26,0.2807508375
2025-11-27,0.2797510375
2025-11-28,0.2773735125
2025-11-29,0.2746426875
2025-11-30,0.27249175
2025-12-01,0.2711629
2025-12-02,0.2701344375
2025-12-03,0.26818807499999997
2025-12-04,0.2684227125
2025-12-05,0.26809045
2025-12-06,0.26527855
2025-12-07,0.263382225
2025-12-08,0.26250545
2025-12-09,0.2615860375
2025-12-10,0.260435425
2025-12-11,0.2608168
2025-12-12,0.26044435
2025-12-13,0.25946006250000003
2025-12-14,0.256917225
2025-12-15,0.25528273749999997
2025-12-16,0.2543086
2025-12-17,0.2532754375
2025-12-18,0.25206915
2025-12-19,0.25197970000000003
2025-12-20,0.2516470625
2025-12-21,0.2503432875
2025-12-22,0.2485115875
2025-12-23,0.245877725
2025-12-24,0.245081625
2025-12-25,0.2446360125
2025-12-26,0.24394355
2025-12-27,0.2442441
2025-12-28,0.2431499125
2025-12-29,0.2417937625
2025-12-30,0.2408446
2025-12-31,0.23823035
2026-01-01,0.2371933375
2026-01-02,0.2363891625
2026-01-03,0.235626725
2026-01-04,0.232124875
2026-01-05,0.23299691250000001
2026-01-06,0.233160025
2026-01-07,0.2319209875
2026-01-08,0.23059245
2026-01-09,0.2309846125
2026-01-10,0.2306128
2026-01-11,0.23040046250000001
2026-01-12,0.22934285
2026-01-13,0.2288952125
2026-01-14,0.22803138750000002
2026-01-15,0.2263362875
2026-01-16,0.224893575
2026-01-17,0.2239875375
2026-01-18,0.2217956875
2026-01-19,0.2198050375
2026-01-20,0.222265375
2026-01-21,0.2221724625
2026-01-22,0.221937725
2026-01-23,0.2207030375
2026-01-24,0.21953709999999999
2026-01-25,0.21964115
2026-01-26,0.2166853375
2026-01-27,0.2141923
2026-01-28,0.2162211
2026-01-29,0.21587808749999998
2026-01-30,0.2153646375
2026-01-31,0.2139354125
2026-02-01,0.21255841250000002
2026-02-02,0.2121252625
2026-02-03,0.2114664875
2026-02-04,0.2110303875
2026-02-05,0.2113305625
2026-02-06,0.2108133
2026-02-07,0.2102831125
2026-02-08,0.2087921625
2026-02-09,0.2085992125
2026-02-10,0.2097597625
2026-02-11,0.20823716250000002
2026-02-12,0.206651325
2026-02-13,0.20700205
2026-02-14,0.20559863750000001
2026-02-15,0.2041970375
2026-02-16,0.202889375
2026-02-17,0.20184455
2026-02-18,0.202997125
2026-02-19,0.20155043749999998
2026-02-20,0.2001948375
2026-02-21,0.19968811250000001
2026-02-22,0.1989444625
2026-02-23,0.1981767125
2026-02-24,0.1976300375
2026-02-25,0.1962189125
2026-02-26,0.195698025
2026-02-27,0.195155075
2026-02-28,0.1944944125
2026-03-01,0.1947347375
2026-03-02,0.1932547375
2026-03-03,0.19167937499999999
2026-03-04,0.189905525
2026-03-05,0.1882970125
2026-03-06,0.1882211
2026-03-07,0.1873208375
2026-03-08,0.186596625
2026-03-09,0.186180325
2026-03-10,0.1851416
2026-03-11,0.1838127125
2026-03-12,0.18474095
2026-03-13,0.18702639999999998
2026-03-14,0.18595045
2026-03-15,0.1841302125
2026-03-16,0.1846240125
2026-03-17,0.182460875
2026-03-18,0.1936640375
2026-03-19,0.2012195625
2026-03-20,0.1764107
2026-03-21,0.17583951250000002
2026-03-22,0.16605755
2026-03-23,0.16536425
2026-03-24,0.1644738875
2026-03-25,0.1645761
2026-03-26,0.164749575
2026-03-27,0.1642914625
2026-03-28,0.1679654375
2026-03-29,0.1681713125
2026-03-30,0.1663518125
2026-03-31,0.16958585
2026-04-01,0.1734359
2026-04-02,0.1677882375
2026-04-03,0.1663894
2026-04-04,0.16557455000000001
2026-04-05,0.16528695
2026-04-06,0.1666201375
2026-04-07,0.17529735
2026-04-08,0.172281275
2026-04-09,0.1738595
2026-04-10,0.1719093125
2026-04-11,0.169019525
2026-04-12,0.1663877875
2026-04-13,0.164232325
2026-04-14,0.1637100125
2026-04-15,0.1637291125
2026-04-16,0.1631120875
2026-04-17,0.1622394625
2026-04-18,0.16078201250000002
2026-04-19,0.16048085
2026-04-20,0.1596954
2026-04-21,0.1592390625
2026-04-22,0.15813578749999999
2026-04-23,0.1571084625
2026-04-24,0.1566938125
2026-04-25,0.156320825
2026-04-26,0.156895175
2026-04-27,0.16376095
2026-04-28,0.1737011375
2026-04-29,0.192639975
2026-04-30,0.19353662500000002
2026-05-01,0.1867590875
2026-05-02,0.18957495
2026-05-03,0.19656045
2026-05-04,0.19751317499999999
2026-05-05,0.1955797625
2026-05-06,0.19333645
2026-05-07,0.1940682625
2026-05-08,0.1933719875
2026-05-09,0.19119675
2026-05-10,0.1896339625
2026-05-11,0.19560349999999999
2026-05-12,0.19610725
2026-05-13,0.1925568
2026-05-14,0.192924225
2026-05-15,0.1918347625
2026-05-16,0.1900656625
2026-05-17,0.18945362500000001
2026-05-18,0.18886475
2026-05-19,0.1890084
2026-05-20,0.187900275
2026-05-21,0.1864969
2026-05-22,0.18584065
2026-05-23,0.1885672125
2026-05-24,0.2007043625
2026-05-25,0.2411927125
2026-05-26,0.2479957875
2026-05-27,0.244608225
2026-05-28,0.2419473
2026-05-29,0.2372469125
2026-05-30,0.2329136875
2026-05-31,0.2277189625
2026-06-01,0.22460288750000001
2026-06-02,0.2224751
2026-06-03,0.2194732875
2026-06-04,0.219385425
2026-06-05,0.23125035
2026-06-06,0.243309525
2026-06-07,0.239089875
2026-06-08,0.23378184999999999
2026-06-09,0.231621575
2026-06-10,0.2327727
2026-06-11,0.233876125
2026-06-12,0.24052335
2026-06-13,0.2442585375
2026-06-14,0.24499927500000002
2026-06-15,0.249284225
2026-06-16,0.2469133375
2026-06-17,0.247646025
2026-06-18,0.2439775125
2026-06-19,0.2432175375
2026-06-20,0.243948875
2026-06-21,0.24168515
2026-06-22,0.2418100375
2026-06-23,0.24136617500000002
2026-06-24,0.24189305
2026-06-25,0.2404940875
2026-06-26,0.23706705
2026-06-27,0.2357478
2026-06-28,0.2363644
2026-06-29,0.2416776375
2026-06-30,0.2428393375
2026-07-01,0.2459776125
2026-07-02,0.2464520375
2026-07-03,0.255078725
2026-07-04,0.2543859
2026-07-05,0.26697375
2026-07-06,0.2768471125
2026-07-07,0.2871686
2026-07-08,0.30191358749999997
2026-07-09,0.3111310875
2026-07-10,0.3099614
2026-07-11,0.3110157875
2026-07-12,0.315577275
2026-07-13,0.322783975
2026-07-14,0.31802675
2026-07-15,0.315009625
2026-07-16,0.31765165
2026-07-17,0.3241447625
2026-07-18,0.31755045
2026-07-19,0.3184496875
2026-07-20,0.31858785
2026-07-21,0.32043065
2026-07-22,0.3254051125
2026-07-23,0.3273486
2026-07-24,0.3271601625
2026-07-25,0.3250357125
2026-07-26,0.31702457500000003
2026-07-27,0.318510725
2026-07-28,0.318579575
2026-07-29,0.3220635625
2026-07-30,0.32844965
2026-07-31,0.3255686125
2026-08-01,0.3231390625
2026-08-02,0.326838
2026-08-03,0.3272546625
2026-08-04,0.329650575
2026-08-05,0.334684575
2026-08-06,0.3390905875
2026-08-07,0.33772655
2026-08-08,0.3367580625
2026-08-09,0.33640035
2026-08-10,0.3385633125
2026-08-11,0.3379551125
2026-08-12,0.3397809875
2026-08-13,0.3390401625
2026-08-14,0.33583453750000003
2026-08-15,0.333350575
2026-08-16,0.3356769375
2026-08-17,0.3496808875
2026-08-18,0.3535924375
2026-08-19,0.348777275
2026-08-20,0.3472571625
2026-08-21,0.347315
2026-08-22,0.35186897500000003
2026-08-23,0.3529525
2026-08-24,0.3516734375
2026-08-25,0.3515204875
2026-08-26,0.3487746875
2026-08-27,0.3518086375
2026-08-28,0.3582016875
2026-08-29,0.356855325
2026-08-30,0.3531742625
2026-08-31,0.3521213875
2026-09-01,0.352377125
2026-09-02,0.350925175
2026-09-03,0.354366275
2026-09-04,0.3537679125
2026-09-05,0.3530978125
2026-09-06,0.35258449999999997
2026-09-07,0.350826575
2026-09-08,0.3495128875
2026-09-09,0.3509821
2026-09-10,0.3516941375
2026-09-11,0.3506668375
2026-09-12,0.34844505
2026-09-13,0.3443538
2026-09-14,0.3404301875
2026-09-15,0.3376010875
2026-09-16,0.3366210375
2026-09-17,0.3345588875
2026-09-18,0.3327402
2026-09-19,0.33237465
2026-09-20,0.3398039
