date,sm_rootzone,days_since_flood
2024-08-21,0.4255415875,0
2024-08-22,0.4246501,1
2024-08-23,0.4223026,2
2024-08-24,0.419760375,3
2024-08-25,0.4181766125,4
2024-08-26,0.4166561625,5
2024-08-27,0.415117275,6
2024-08-28,0.4136809624999999,7
2024-08-29,0.4140837375,8
2024-08-30,0.4121263125,9
2024-08-31,0.4091704124999999,10
2024-09-01,0.4073528375,11
2024-09-02,0.4079514125,12
2024-09-03,0.4110692,13
2024-09-04,0.4081808375,14
2024-09-05,0.4063786,15
2024-09-06,0.403157075,16
2024-09-07,0.4056631,17
2024-09-08,0.40617515,18
2024-09-09,0.4005620875,19
2024-09-10,0.39630375,20
2024-09-11,0.3925991,21
2024-09-12,0.38973735,22
2024-09-13,0.3866103625,23
2024-09-14,0.395232325,24
2024-09-15,0.401743325,25
2024-09-16,0.4003481875,26
2024-09-17,0.3958114875,27
2024-09-18,0.3915633375,28
2024-09-19,0.3891768875,29
2024-09-20,0.3856102875,30
2024-09-21,0.3842408625,31
2024-09-22,0.3830707875,32
2024-09-23,0.3837627875,33
2024-09-24,0.3881641625,34
2024-09-25,0.3956375749999999,35
2024-09-26,0.4009148625,36
2024-09-27,0.3975735625,37
2024-09-28,0.3928341875,38
2024-09-29,0.3914900625,39
2024-09-30,0.39182425,40
2024-10-01,0.3900276374999999,41
2024-10-02,0.391176225,42
2024-10-03,0.398454225,43
2024-10-04,0.40111445,44
2024-10-05,0.404446375,45
2024-10-06,0.4007955375,46
2024-10-07,0.3983688875,47
2024-10-08,0.3943664875,48
2024-10-09,0.3926220375,49
2024-10-10,0.3906114499999999,50
2024-10-11,0.38951125,51
2024-10-12,0.3898043875,52
2024-10-13,0.3854810125,53
2024-10-14,0.3826118625,54
2024-10-15,0.380035925,55
2024-10-16,0.3762441125,56
2024-10-17,0.37429065,57
2024-10-18,0.3721038125,58
2024-10-19,0.367631175,59
2024-10-20,0.3633042375,60
2024-10-21,0.3589103999999999,61
2024-10-22,0.3560965375,62
2024-10-23,0.3553595375,63
2024-10-24,0.35622245,64
2024-10-25,0.3529005875,65
2024-10-26,0.34864085,66
2024-10-27,0.343661325,67
2024-10-28,0.3390212625,68
2024-10-29,0.3331997375,69
2024-10-30,0.3306379625,70
2024-10-31,0.328629825,71
2024-11-01,0.3237637,72
2024-11-02,0.3219677125,73
2024-11-03,0.319781975,74
2024-11-04,0.31666625,75
2024-11-05,0.325855925,76
2024-11-06,0.3487037,77
2024-11-07,0.3404973375,78
2024-11-08,0.3349878625,79
2024-11-09,0.328424575,80
2024-11-10,0.3254163625,81
2024-11-11,0.32261995,82
2024-11-12,0.3182129625,83
2024-11-13,0.3144137,84
2024-11-14,0.311310425,85
2024-11-15,0.308730375,86
2024-11-16,0.3062638375,87
2024-11-17,0.302660225,88
2024-11-18,0.30081815,89
2024-11-19,0.2984485875,90
